symbol,atomic_number,atomic_radius,atomic_volume,boiling_point,density,dipole_polarizability,electron_affinity,valance_main,evaporation_heat,fusion_heat,group_id,lattice_constant,melting_point,period,series_id,specific_heat,thermal_conductivity,vdw_radius,covalent_radius_cordero,covalent_radius_pyykko,en_pauling,en_allen,heat_of_formation,c6,covalent_radius_bragg,covalent_radius_slater,vdw_radius_batsanov,vdw_radius_uff,vdw_radius_mm3,abundance_crust,abundance_sea,en_ghosh,vdw_radius_alvarez,c6_gb,atomic_weight,atomic_weight_uncertainty,is_monoisotopic,atomic_radius_rahm,covalent_radius_pyykko_double,discovery_year,mendeleev_number,dipole_polarizability_unc,pettifor_number,glawe_number,magp_column,magp_electron_affinity,magp_atomic_volume,magp_atomic_masses,magp_valence_d,magp_valence_s,magp_T_melt,magp_electronegativity,magp_unfilled_f,magp_valence_p,magp_unfilled_d,magp_valence_f,magp_row,magp_unfilled,magp_valence,magp_T_boil,magp_magnetic_moment,magp_cohesive_energy,magp_density,magp_covalent_radius,magp_polarizability,imat_electron_affinity,imat_electronegativity,imat_electron_binding_energy,imat_atomic_radius,imat_valence,imat_cohesive_energy,imat_ionization_energy,ase_magnetic_moment,pymg_atomic_radius,pymg_electronegativity,ionization_energy,pseudo_POMASS,pseudo_ZVAL,pseudo_ENMAX,pseudo_ENMIN,pseudo_RCORE,pseudo_RWIGS,pseudo_EATOM,pseudo_RPACOR,pseudo_RCLOC,pseudo_EAUG,pseudo_RMAX,pseudo_RAUG,pseudo_RDEP,pseudo_RDEPT,pseudo_DEXC,pseudo_IUNSCR,pseudo_s_occ,pseudo_p_occ,pseudo_d_occ,pseudo_f_occ,pseudo_avg_orbital_energy,pseudo_min_orbital_energy,pseudo_max_orbital_energy,pseudo_avg_proj_energy,pseudo_num_projectors
H,1,79.0,14.1,20.28,0.0708,4.50711,0.754195,1.0,0.904,0.117,1.0,3.75,14.01,1,1,0.0,0.1815,110.0,31.0,32,2.2,13.61,217.998,6.499026705,0.0,25.0,0.0,288.6,162.0,1400.0,108000.0,0.2638,120.0,6.51,1.008,0.0,0,154.0,0.0,1766.0,105,3e-05,103.0,103.0,1.0,73.0,18618.05194,1.008,0.0,1.0,14.01,2.2,0.0,0.0,0.0,0.0,1.0,1.0,1.0,20.13,1.0,0.0,0.0899,0.31,0.666793,73.0,2.1,13.6,37.0,1.0,0.0,13.5984,1.0,0.25,2.2,13.59843401,1.0,1.0,250.0,200.0,1.1,0.7,12.4884,0.0,0.701,400.0,1.123,1.2,1.112,0.926,0.0,0.0,0.0,0.0,0.0,0.0,-6.4927,-6.4927,-6.4927,-1.257194733333333,3.0
He,2,0.0,31.8,4.216,0.147,1.38375,-19.7,2.0,0.08,0.0,18.0,3.57,0.95,1,2,5.188,0.152,140.0,28.0,46,0.0,24.59,0.0,1.42,0.0,0.0,0.0,236.2,153.0,0.008,7e-06,0.442712,143.0,1.47,4.002602,2e-06,0,134.0,0.0,1895.0,112,2e-05,1.0,1.0,18.0,0.0,37236.03556,4.0026,0.0,2.0,0.0,0.0,0.0,0.0,0.0,0.0,1.0,0.0,2.0,4.07,0.0,0.0,0.1785,0.28,0.2050522,0.0,0.0,24.6,32.0,0.0,0.0,24.5873,0.0,0.0,0.0,24.58738794,4.0,2.0,478.896,359.172,1.1,1.2,78.7251,0.0,0.703,1180.948,1.121,1.2,1.11,0.925,0.0,0.0,0.0,0.0,0.0,0.0,-15.7639,-15.7639,-15.7639,-5.2546296,3.0
Li,3,155.0,13.1,1118.15,0.534,164.1125,0.618049,1.0,148.0,2.89,1.0,3.49,553.69,2,3,3.489,84.8,182.0,128.0,133,0.98,5.392,159.3,1392.0,150.0,145.0,220.0,245.1,255.0,20.0,0.18,0.105093,212.0,1410.0,6.94,0.0,0,220.0,124.0,1817.0,1,0.0005,12.0,12.0,1.0,60.0,21.54405808,6.94,0.0,1.0,453.69,0.98,0.0,0.0,0.0,0.0,2.0,1.0,1.0,1615.0,1.0,1.63,535.0,1.28,24.335,60.0,0.98,54.7,134.0,1.0,1.63,0.98,1.0,1.45,0.98,5.391714761,7.01,1.0,140.0,100.0,2.05,2.6,5.3001,1.5,0.0,331.638,2.098,1.3,2.094,1.81,0.0,1.0,1.0,0.0,0.0,0.0,-27.36455,-51.8549,-2.8742,5.4040704,4.0
Be,4,112.0,5.0,3243.0,1.848,37.74,-2.4,2.0,309.0,12.21,2.0,2.29,1551.0,2,4,1.824,201.0,153.0,96.0,102,1.57,9.323,324.0,227.0,115.0,105.0,190.0,274.5,223.0,2.8,5.6e-06,0.144986,198.0,214.0,9.0121831,5e-07,True,219.0,90.0,1798.0,75,0.03,77.0,77.0,2.0,0.0,8.098176455,9.01218,0.0,2.0,1560.0,1.57,0.0,0.0,0.0,0.0,2.0,0.0,2.0,2743.0,0.0,3.32,1848.0,0.96,5.6,0.0,1.57,111.5,90.0,2.0,3.32,9.3227,0.0,1.05,1.57,9.322699,9.013,2.0,247.543,185.658,1.9,1.88,27.4793,1.58,0.0,318.781,1.944,1.3,2.003,1.802,0.0,1.0,2.0,0.0,0.0,0.0,-37.95643333333334,-106.2287,-2.0244,9.084439399999999,5.0
B,5,98.0,4.6,3931.0,2.34,20.5,0.279723,3.0,504.5,23.6,13.0,8.73,2573.0,2,5,1.025,27.4,192.0,84.0,85,2.04,12.13,565.0,99.5,0.0,85.0,180.0,408.3,215.0,10.0,4.44,0.184886,191.0,99.2,10.81,0.0,0,205.0,78.0,1808.0,81,0.1,86.0,86.0,13.0,27.0,7.297767265,10.81,0.0,2.0,2348.0,2.04,0.0,1.0,0.0,0.0,2.0,5.0,3.0,4273.0,1.0,5.81,2460.0,0.84,3.03,27.0,2.04,188.0,82.0,3.0,5.81,8.298,1.0,0.85,2.04,8.298019,10.811,3.0,318.614,238.96,1.7,1.71,71.1703,1.2,0.0,535.514,1.732,1.3,1.757,1.436,0.0,1.0,2.0,1.0,0.0,0.0,-64.5465,-180.5896,-3.6068,-2.0310827999999996,5.0
C,6,91.0,5.3,5100.0,2.25,11.3,1.262119,4.0,0.0,0.0,14.0,3.57,3820.0,2,1,0.711,1.59,170.0,73.0,75,2.55,15.05,716.87,46.6,77.0,70.0,170.0,385.1,204.0,200.0,28.0,0.224776,177.0,47.9,12.011,0.0,0,190.0,67.0,0.0,87,0.2,95.0,87.0,14.0,154.0,8.825089715,12.011,0.0,2.0,3823.0,2.55,0.0,2.0,0.0,0.0,2.0,4.0,4.0,4300.0,2.0,7.37,2260.0,0.76,1.67,154.0,2.55,284.2,77.0,4.0,7.37,11.2603,2.0,0.7,2.55,11.260296,12.011,4.0,400.0,300.0,1.5,1.63,147.156,1.2,0.0,644.873,1.529,1.3,1.501,1.3,0.0,1.0,2.0,2.0,0.0,0.0,-97.4717,-273.3789,-5.2854,0.26674611999999964,5.0
N,7,92.0,17.3,77.4,0.808,7.4,-1.4,5.0,0.0,0.0,15.0,4.039,63.29,2,1,0.0,0.026,155.0,71.0,71,3.04,18.13,472.44,24.2,65.0,65.0,160.0,366.0,193.0,19.0,0.5,0.26493,166.0,25.7,14.007,0.0,0,179.0,60.0,1772.0,93,0.2,100.0,88.0,15.0,0.0,18592.49897,14.007,0.0,2.0,63.05,3.04,0.0,3.0,0.0,0.0,2.0,3.0,5.0,77.21,3.0,4.92,1.251,0.71,1.1,7.0,3.04,37.3,75.0,5.0,4.92,14.5341,3.0,0.65,3.04,14.53413,14.001,5.0,400.0,300.0,1.5,1.4,264.5486,1.2,0.0,627.112,1.529,1.3,1.514,1.338,0.0,1.0,2.0,3.0,0.0,0.0,-136.79683333333335,-384.7179,-7.0898,-7.290663660000002,5.0
O,8,0.0,14.0,90.19,1.149,5.3,1.4611135,6.0,0.0,0.0,16.0,6.83,54.8,2,1,0.0,0.027,152.0,66.0,63,3.44,21.36,249.229,15.6,65.0,60.0,155.0,350.0,182.0,461000.0,857000.0,0.304575,150.0,16.7,15.999,0.0,0,171.0,57.0,1774.0,99,0.2,101.0,97.0,16.0,141.0,18592.19717,15.999,0.0,2.0,54.8,3.44,0.0,4.0,0.0,0.0,2.0,2.0,6.0,90.1,2.0,2.6,1.429,0.66,0.802,141.0,3.44,41.6,73.0,6.0,2.6,13.618,2.0,0.6,3.44,13.618054,16.0,6.0,400.0,300.0,1.52,1.55,432.3788,1.2,0.0,605.392,1.553,1.3,1.55,1.329,0.0,1.0,2.0,4.0,0.0,0.0,-182.56143333333333,-514.6923,-9.0305,-8.77533674,5.0
F,9,0.0,17.1,85.01,1.108,3.74,3.4011897,7.0,6.54,0.51,17.0,0.0,53.53,2,6,0.0,0.028,147.0,57.0,64,3.98,24.8,79.335,9.52,67.0,50.0,150.0,336.4,171.0,585.0,1.3,0.344443,146.0,10.2,18.99840316,6e-09,True,163.0,59.0,1886.0,106,0.08,102.0,102.0,17.0,328.0,18601.60857,18.9984,0.0,2.0,53.5,3.98,0.0,5.0,0.0,0.0,2.0,1.0,7.0,84.88,1.0,0.84,1.696,0.57,0.557,328.0,3.98,696.7,71.0,7.0,0.84,8.5,1.0,0.5,3.98,17.42282,18.998,7.0,400.0,300.0,1.52,1.5,659.6475,1.2,0.0,613.614,1.555,1.3,1.539,1.299,0.0,1.0,2.0,5.0,0.0,0.0,-234.79233333333332,-663.3661,-11.1114,-12.011809920000001,5.0
Ne,10,0.0,16.8,27.1,1.204,2.6611,0.0,8.0,1.74,0.0,18.0,4.43,48.0,2,2,1.029,0.0,154.0,58.0,67,0.0,28.31,0.0,6.2,0.0,0.0,0.0,324.3,160.0,0.005,0.00012,0.38439,158.0,6.91,20.1797,0.0006,0,156.0,96.0,1898.0,113,3e-05,2.0,2.0,18.0,0.0,37232.18569,20.1797,0.0,2.0,24.56,0.0,0.0,6.0,0.0,0.0,2.0,0.0,8.0,26.92,0.0,0.02,0.9,0.58,0.39432,0.0,0.0,21.6,69.0,0.0,0.02,21.5645,0.0,0.0,0.0,21.56454,20.18,8.0,343.606,257.704,1.7,1.5,955.3367,2.0,0.0,589.427,1.732,1.3,1.785,1.38,0.0,1.0,2.0,6.0,0.0,0.0,-293.5106666666666,-830.7932,-13.3338,-23.55357224,5.0
Na,11,190.0,23.7,1156.1,0.971,162.7,0.547926,1.0,97.9,2.64,1.0,4.23,370.96,3,3,1.222,142.0,227.0,166.0,155,0.93,5.14,107.5,1518.0,177.0,180.0,240.0,298.3,270.0,23600.0,10800.0,0.093214,250.0,1570.0,22.98976928,2e-08,True,225.0,160.0,1807.0,2,0.5,11.0,11.0,1.0,53.0,39.43832888,22.98977,0.0,1.0,370.87,0.93,0.0,0.0,0.0,0.0,3.0,1.0,1.0,1156.0,1.0,1.11,968.0,1.66,24.11,53.0,0.93,30.8,154.0,1.0,1.11,0.93,1.0,1.8,0.93,5.1390767,22.99,1.0,101.968,76.476,2.2,3.32,5.1581,1.8,0.0,250.695,2.245,1.3,2.259,2.115,0.0,1.0,1.0,0.0,0.0,0.0,-280.46549999999996,-1033.6933,-2.744,5.4366327,4.0
Mg,12,160.0,14.0,1363.0,1.738,71.2,0.0,2.0,131.8,9.2,2.0,3.21,922.0,3,4,1.025,156.0,173.0,141.0,139,1.31,7.646,147.1,626.0,142.0,150.0,220.0,302.1,243.0,23300.0,1290.0,0.121644,251.0,629.0,24.305,0.0,0,240.0,132.0,1808.0,76,0.4,73.0,73.0,2.0,0.0,23.2222931,24.305,0.0,2.0,923.0,1.31,0.0,0.0,0.0,0.0,3.0,0.0,2.0,1363.0,0.0,1.51,1738.0,1.41,10.76666667,0.0,1.31,49.5,130.0,2.0,1.51,7.6462,0.0,1.5,1.31,7.646235,24.305,2.0,200.0,100.0,2.0,2.88,23.0369,1.5,1.506,454.734,2.045,1.3,2.025,1.942,0.0,1.0,2.0,0.0,0.0,0.0,-347.69620000000003,-1259.623,-4.7055,9.943567580000002,5.0
Al,13,143.0,10.0,2740.0,2.6989,57.8,0.43283,3.0,284.1,10.75,13.0,4.05,933.5,3,7,0.9,237.0,184.0,121.0,126,1.61,9.539,330.9,528.0,135.0,125.0,210.0,449.9,236.0,82300.0,0.002,0.150078,225.0,520.0,26.9815385,7e-07,True,239.0,113.0,1825.0,82,1.0,80.0,78.0,13.0,43.0,16.59442452,26.98154,0.0,2.0,933.47,1.61,0.0,1.0,0.0,0.0,3.0,5.0,3.0,2792.0,1.0,3.39,2700.0,1.21,6.8,43.0,1.61,72.5,118.0,3.0,3.39,5.9857,1.0,1.25,1.61,5.9857684,26.981,3.0,240.3,180.225,1.9,2.65,53.5387,1.5,0.0,291.052,1.939,1.3,1.966,1.856,0.0,1.0,2.0,1.0,0.0,0.0,-339.87456000000003,-1511.1048,-2.7121,-0.5779891600000003,5.0
Si,14,132.0,12.1,2628.0,2.33,37.3,1.3895211,4.0,383.0,50.6,14.0,5.43,1683.0,3,5,0.703,149.0,210.0,111.0,116,1.9,11.33,450.0,305.0,117.0,110.0,210.0,429.5,229.0,282000.0,2.2,0.178503,219.0,308.0,28.085,0.0,0,232.0,107.0,1824.0,88,0.7,85.0,85.0,14.0,134.0,20.01637772,28.085,0.0,2.0,1687.0,1.9,0.0,2.0,0.0,0.0,3.0,4.0,4.0,3173.0,2.0,4.63,2330.0,1.11,5.53,134.0,1.9,99.4,111.0,4.0,4.63,1.9,2.0,1.1,1.9,8.151683,28.085,4.0,245.345,184.009,1.9,2.48,103.0669,1.5,0.0,322.069,1.95,1.3,1.993,1.837,0.0,1.0,2.0,2.0,0.0,0.0,-407.16562000000005,-1785.8828,-4.0811,-4.8265595,5.0
P,15,128.0,17.0,553.0,1.82,25.0,0.746607,5.0,49.8,2.51,15.0,7.17,317.3,3,1,0.757,0.0,180.0,107.0,111,2.19,13.33,316.5,185.0,0.0,100.0,195.0,414.7,222.0,1050.0,0.06,0.206931,190.0,187.0,30.973762,5e-09,True,223.0,102.0,1669.0,94,1.0,90.0,89.0,15.0,72.0,28.21412182,30.97376,0.0,2.0,317.3,2.19,0.0,3.0,0.0,0.0,3.0,3.0,5.0,553.5,3.0,3.43,1823.0,1.07,3.63,72.0,2.19,135.0,106.0,5.0,3.43,10.4866,3.0,1.0,2.19,10.486686,30.974,5.0,255.04,191.28,1.9,2.33,176.043,1.5,0.0,342.924,1.935,1.3,1.931,1.794,0.0,1.0,0.0,0.0,0.0,0.0,-480.4093,-2084.0982,-5.5067,-7.39066742,5.0
S,16,127.0,15.5,717.824,2.07,19.4,2.07710403,6.0,10.5,1.23,16.0,10.47,386.0,3,1,0.732,0.27,180.0,105.0,103,2.58,15.31,277.17,134.0,102.0,100.0,180.0,403.5,215.0,350.0,905.0,0.23596,189.0,140.0,32.06,0.0,0,214.0,94.0,0.0,100,0.1,94.0,96.0,16.0,200.0,27.16654579,32.06,0.0,2.0,388.36,2.58,0.0,4.0,0.0,0.0,3.0,2.0,6.0,717.72,2.0,2.85,1960.0,1.05,2.9,200.0,2.58,162.5,102.0,6.0,2.85,2.58,2.0,1.0,2.58,10.36001,32.066,6.0,258.689,194.016,1.9,2.2,276.823,1.5,0.0,335.092,1.942,1.3,1.954,1.744,0.0,1.0,0.0,0.0,0.0,0.0,-559.66036,-2405.8406,-7.0085,-9.943983600000001,5.0
Cl,17,0.0,18.7,238.6,1.56,14.6,3.612725,7.0,20.41,6.41,17.0,6.24,172.2,3,6,0.0,0.009,175.0,102.0,99,3.16,16.97,121.302,94.6,105.0,100.0,180.0,394.7,207.0,145.0,19400.0,0.263803,182.0,97.1,35.45,0.0,0,206.0,95.0,1774.0,107,0.1,99.0,101.0,17.0,349.0,18317.50704,35.45,0.0,2.0,171.6,3.16,0.0,5.0,0.0,0.0,3.0,1.0,7.0,238.96,1.0,1.4,3.214,1.02,2.18,349.0,3.16,200.0,99.0,7.0,1.4,12.9676,1.0,1.0,3.16,12.96763,35.453,7.0,262.472,196.854,1.9,2.1,409.7259,1.5,0.0,356.192,1.945,1.3,2.02,1.678,0.0,1.0,2.0,5.0,0.0,0.0,-644.95466,-2751.185,-8.5949,-12.977360039999999,5.0
Ar,18,0.0,24.2,87.3,1.4,11.083,-11.5,8.0,6.52,0.0,18.0,5.26,83.8,3,2,0.138,0.0177,188.0,106.0,96,0.0,19.17,0.0,64.2,0.0,0.0,0.0,386.8,199.0,3.5,0.45,0.2922,194.0,67.4,39.948,0.001,0,197.0,107.0,1894.0,114,0.007,3.0,3.0,18.0,0.0,37184.28542,39.948,0.0,2.0,83.8,0.0,0.0,6.0,0.0,0.0,3.0,0.0,8.0,87.2,0.0,0.08,1.784,1.06,1.6411,0.0,0.0,15.7,97.0,0.0,0.08,15.759,0.0,0.71,0.0,15.7596112,39.949,8.0,266.408,199.806,1.9,1.8,579.0493,2.0,0.0,482.93,1.945,1.3,1.972,1.517,0.0,1.0,2.0,6.0,0.0,0.0,-736.32032,-3120.2029,-10.2695,4.286584925,4.0
K,19,235.0,45.3,1047.0,0.856,289.7,0.50147,1.0,2.33,102.5,1.0,5.23,336.8,4,3,0.753,79.0,275.0,203.0,196,0.82,4.34,89.0,3923.0,207.0,220.0,280.0,381.2,309.0,20900.0,399.0,0.0981896,273.0,3910.0,39.0983,0.0001,0,234.0,193.0,1807.0,3,0.3,10.0,10.0,1.0,48.0,75.84786468,39.0983,0.0,1.0,336.53,0.82,0.0,0.0,0.0,0.0,4.0,1.0,1.0,1032.0,1.0,0.93,856.0,2.03,43.23,48.0,0.82,18.3,196.0,1.0,0.93,4.3406,1.0,2.2,0.82,4.34066354,0.0,0.0,0.0,0.0,0.0,0.0,0.0,0.0,0.0,0.0,0.0,0.0,0.0,0.0,0.0,0.0,0.0,0.0,0.0,0.0,0.0,0.0,0.0,0.0,0.0
Ca,20,197.0,29.9,1757.0,1.55,160.8,0.02455,2.0,153.6,9.2,2.0,5.58,1112.0,4,4,0.653,0.0,231.0,176.0,171,1.0,6.113,177.8,2163.0,170.0,180.0,240.0,339.9,281.0,41500.0,412.0,0.1154119,262.0,2230.0,40.078,0.004,0,270.0,147.0,1808.0,7,4.0,16.0,16.0,2.0,2.0,42.9371873,40.078,0.0,2.0,1115.0,1.0,0.0,0.0,0.0,0.0,4.0,0.0,2.0,1757.0,0.0,1.842,1550.0,1.76,25.73333333,2.0,1.0,25.4,174.0,2.0,1.842,6.1131,0.0,1.8,1.0,6.1131552,0.0,0.0,0.0,0.0,0.0,0.0,0.0,0.0,0.0,0.0,0.0,0.0,0.0,0.0,0.0,0.0,0.0,0.0,0.0,0.0,0.0,0.0,0.0,0.0,0.0
Sc,21,162.0,15.0,3104.0,2.99,97.0,0.188,2.0,332.7,15.8,3.0,3.31,1814.0,4,8,0.556,15.8,215.0,170.0,148,1.36,7.042,377.8,1383.0,0.0,160.0,230.0,329.5,261.0,22.0,6e-07,0.1193833,258.0,1570.0,44.955908,5e-06,True,263.0,116.0,1879.0,11,10.0,20.0,48.0,3.0,18.0,25.00931092,44.95591,1.0,2.0,1814.0,1.36,0.0,0.0,9.0,0.0,4.0,9.0,3.0,3103.0,1.0,3.9,2985.0,1.7,17.8,18.0,1.36,28.3,144.0,3.0,3.9,1.36,1.0,1.6,1.36,6.56149,44.956,3.0,154.763,116.072,3.0,3.0,44.642,2.0,1.776,301.784,3.066,1.3,3.011,2.461,0.0,1.0,3.0,4.0,0.0,0.0,-762.5978714285714,-4394.2533,-1.3655,2.8238558600000006,5.0
Ti,22,147.0,10.6,3560.0,4.54,100.0,0.079,2.0,422.6,18.8,4.0,2.95,1933.0,4,8,0.523,21.9,211.0,160.0,136,1.54,8.17,473.0,1044.0,140.0,140.0,215.0,317.5,239.0,5650.0,0.001,0.1233637,246.0,1200.0,47.867,0.001,0,257.0,117.0,1791.0,43,10.0,51.0,51.0,4.0,8.0,17.63631716,47.867,2.0,2.0,1941.0,1.54,0.0,0.0,8.0,0.0,4.0,8.0,4.0,3560.0,2.0,4.85,4507.0,1.6,14.6,8.0,1.54,32.6,136.0,4.0,4.85,1.54,2.0,1.4,1.54,6.82812,47.88,4.0,178.33,133.747,2.8,2.5,94.7928,2.2,2.215,328.883,2.868,1.3,2.885,2.32,0.0,1.0,1.0,0.0,3.0,0.0,-848.5235999999999,-4865.3608,-1.9157,1.7830673799999999,5.0
V,23,134.0,8.35,3650.0,6.11,87.0,0.525,2.0,460.0,17.5,5.0,3.02,2160.0,4,8,0.485,30.7,207.0,153.0,134,1.63,9.063,515.5,832.0,0.0,135.0,205.0,314.4,229.0,120.0,0.0025,0.1273344,242.0,955.0,50.9415,0.0001,0,252.0,112.0,1830.0,47,10.0,54.0,54.0,5.0,51.0,13.84489822,50.9415,3.0,2.0,2183.0,1.63,0.0,0.0,7.0,0.0,4.0,7.0,5.0,3680.0,3.0,5.31,6110.0,1.53,12.4,51.0,1.63,37.2,125.0,5.0,5.31,1.63,3.0,1.35,1.63,6.746187,50.941,5.0,192.543,144.408,2.7,2.5,170.8679,2.0,1.779,358.662,2.768,1.3,2.762,2.24,0.0,1.0,1.0,6.0,4.0,0.0,-938.7988714285714,-5360.7193,-2.4291,6.934850133333334,6.0
Cr,24,130.0,7.23,2945.0,7.18,83.0,0.666,1.0,342.0,21.0,6.0,2.88,2130.0,4,8,0.488,93.9,206.0,139.0,122,1.66,9.77,397.48,602.0,140.0,140.0,205.0,302.3,225.0,102.0,0.0003,0.1313053,245.0,709.0,51.9961,0.0006,0,233.0,111.0,1797.0,51,12.0,57.0,55.0,6.0,64.0,12.09293747,51.9961,5.0,1.0,2180.0,1.66,0.0,0.0,5.0,0.0,4.0,6.0,6.0,2944.0,6.0,4.1,7140.0,1.39,11.6,64.0,1.66,42.2,127.0,6.0,4.1,6.7665,6.0,1.4,1.66,6.76651,51.996,6.0,227.08,170.31,2.5,2.5,276.8859,2.08,1.721,402.108,2.552,1.3,2.609,2.065,0.0,1.0,0.0,0.0,0.0,0.0,-1033.5074857142856,-5880.4963,-2.9137,3.3373585833333332,6.0
Mn,25,135.0,7.39,2235.0,7.21,68.0,0.0,2.0,221.0,13.4,7.0,8.89,1517.0,4,8,0.477,0.0,205.0,150.0,119,1.55,10.34,283.3,552.0,147.0,140.0,205.0,296.1,224.0,950.0,0.0002,0.1352844,245.0,635.0,54.938044,3e-06,True,242.0,105.0,1774.0,55,9.0,60.0,72.0,7.0,0.0,12.21270447,54.93804,5.0,2.0,1519.0,1.55,0.0,0.0,5.0,0.0,4.0,5.0,7.0,2334.0,5.0,2.98,7470.0,1.39,9.4,0.0,1.55,47.2,139.0,7.0,0.67,7.434,5.0,1.4,1.55,7.434018,54.938,7.0,269.864,202.398,2.3,2.5,416.7541,2.0,1.725,500.711,2.343,1.3,2.338,1.911,0.0,1.0,1.0,0.0,6.0,0.0,-1132.7033428571428,-6424.8288,-3.3745,2.1850965,6.0
Fe,26,126.0,7.1,3023.0,7.874,62.0,0.151,2.0,340.0,13.8,8.0,2.87,1808.0,4,8,0.443,80.4,204.0,142.0,116,1.83,10.64,415.5,482.0,140.0,140.0,205.0,291.2,223.0,56300.0,0.002,0.1392532,244.0,548.0,55.845,0.002,0,226.0,109.0,0.0,59,4.0,61.0,71.0,8.0,16.0,11.77736497,55.845,6.0,2.0,1811.0,1.83,0.0,0.0,4.0,0.0,4.0,4.0,8.0,3134.0,4.0,4.28,7874.0,1.32,8.4,16.0,1.83,52.7,125.0,8.0,4.28,7.9024,4.0,1.4,1.83,7.9024678,55.847,8.0,267.882,200.911,2.3,2.46,594.3153,2.0,1.701,511.368,2.356,1.3,2.442,1.89,0.0,1.0,1.0,0.0,7.0,0.0,-1236.4283285714287,-6993.844,-3.8151,1.611355266666667,6.0
Co,27,125.0,6.7,3143.0,8.9,55.0,0.66225646,2.0,389.1,15.48,9.0,2.51,1768.0,4,8,0.456,100.0,200.0,138.0,111,1.88,10.86,426.7,408.0,137.0,135.0,200.0,287.2,223.0,25.0,2e-05,0.1432363,240.0,461.0,58.933194,4e-06,True,222.0,103.0,1739.0,63,4.0,64.0,70.0,9.0,64.0,10.99586068,58.93319,7.0,2.0,1768.0,1.88,0.0,0.0,3.0,0.0,4.0,3.0,9.0,3200.0,3.0,4.39,8900.0,1.26,7.5,64.0,1.88,58.9,126.0,9.0,4.39,7.881,3.0,1.35,1.88,7.88101,58.933,9.0,267.968,200.976,2.3,2.46,813.367,2.0,1.203,477.818,2.36,1.3,2.393,1.864,0.0,1.0,1.0,0.0,8.0,0.0,-1344.7187428571426,-7587.6674,-4.2382,0.9698726666666669,6.0
Ni,28,124.0,6.6,3005.0,8.902,49.0,1.156,2.0,378.6,17.61,10.0,3.52,1726.0,4,8,0.443,90.9,197.0,124.0,110,1.91,11.13,430.1,373.0,135.0,135.0,200.0,283.4,222.0,84.0,0.00056,0.1472068,240.0,393.0,58.6934,0.0004,0,219.0,101.0,1751.0,67,3.0,67.0,69.0,10.0,112.0,10.94128444,58.6934,8.0,2.0,1728.0,1.91,0.0,0.0,2.0,0.0,4.0,2.0,10.0,3186.0,2.0,4.44,8908.0,1.24,6.8,112.0,1.91,66.2,121.0,10.0,4.44,7.6398,2.0,1.35,1.91,7.639877,58.69,10.0,269.532,202.149,2.3,2.43,1077.6739,2.0,1.201,544.565,2.357,1.3,2.39,1.838,0.0,1.0,0.0,0.0,0.0,0.0,-1457.6078571428575,-8206.4253,-4.4926,0.6104493,6.0
Cu,29,128.0,7.1,2840.0,8.96,46.5,1.235,1.0,304.6,13.01,11.0,3.61,1356.6,4,8,0.385,401.0,196.0,132.0,112,1.9,10.96,337.4,253.0,137.0,135.0,200.0,349.5,226.0,60.0,0.00025,0.1511716,238.0,264.0,63.546,0.003,0,217.0,115.0,0.0,71,0.5,72.0,68.0,11.0,118.0,11.82994193,63.546,10.0,1.0,1357.77,1.9,0.0,0.0,0.0,0.0,4.0,1.0,11.0,3200.0,1.0,3.49,8920.0,1.32,6.15,118.0,1.9,75.1,138.0,1.0,3.49,7.7263,1.0,1.35,1.9,7.72638,63.546,11.0,295.446,221.585,2.3,2.2,1390.9808,2.0,0.0,586.98,2.344,1.3,2.302,1.771,0.0,1.0,0.0,1.0,10.0,0.0,-1575.1276714285716,-8850.2468,-4.6097,4.456163342857144,7.0
Zn,30,138.0,9.2,1180.0,7.133,38.67,0.0,2.0,114.8,7.28,12.0,2.66,692.73,4,8,0.388,116.0,201.0,122.0,118,1.65,9.395,130.4,284.0,132.0,135.0,210.0,276.3,229.0,70.0,0.0049,0.1551518,239.0,276.0,65.38,0.02,0,222.0,120.0,0.0,77,0.3,76.0,74.0,12.0,0.0,15.20568373,65.38,10.0,2.0,692.68,1.65,0.0,0.0,0.0,0.0,4.0,0.0,12.0,1180.0,0.0,1.35,7140.0,1.22,5.816666667,0.0,1.65,10.1,131.0,2.0,1.35,1.65,0.0,1.35,1.65,9.394199,65.39,12.0,276.723,207.542,2.3,2.4,1748.8345,2.0,1.828,575.892,2.347,1.3,2.324,1.788,0.0,1.0,0.0,2.0,10.0,0.0,-1702.2082857142855,-9524.6913,-5.9785,-2.6520072333333333,6.0
Ga,31,141.0,11.8,2676.0,5.91,50.0,0.43,3.0,270.3,5.59,13.0,4.51,302.93,4,7,0.372,28.1,187.0,122.0,124,1.81,10.39,271.96,498.0,0.0,130.0,210.0,438.3,246.0,19.0,3e-05,0.1723773,232.0,456.0,69.723,0.001,0,233.0,117.0,1875.0,83,3.0,81.0,79.0,13.0,29.0,19.61051348,69.723,10.0,2.0,302.91,1.81,0.0,1.0,0.0,0.0,4.0,5.0,13.0,2477.0,1.0,2.81,5904.0,1.22,8.12,29.0,1.81,18.7,126.0,3.0,2.81,5.9993,1.0,1.3,1.81,5.9993018,69.723,3.0,134.678,101.009,2.6,2.65,58.8688,2.17,0.0,320.264,2.658,1.3,2.684,2.308,0.0,1.0,2.0,1.0,0.0,0.0,-1608.4017000000001,-10228.783,-2.5791,-2.0212665,6.0
Ge,32,137.0,13.6,3103.0,5.323,40.0,1.232712,4.0,328.0,36.8,14.0,5.66,1210.6,4,5,0.322,60.2,211.0,120.0,121,2.01,11.8,372.0,354.0,0.0,125.0,210.0,428.0,244.0,1.5,5e-05,0.1895892,229.0,365.0,72.63,0.008,0,234.0,111.0,1886.0,89,1.0,84.0,84.0,14.0,119.0,22.66097638,72.63,10.0,2.0,1211.4,2.01,0.0,2.0,0.0,0.0,4.0,4.0,14.0,3093.0,2.0,3.85,5323.0,1.2,5.84,119.0,2.01,29.2,122.0,4.0,3.85,7.8994,2.0,1.25,2.01,7.899435,72.61,4.0,173.807,130.355,2.3,2.3,104.996,2.17,0.0,385.843,2.342,1.3,2.318,2.103,0.0,1.0,2.0,2.0,0.0,0.0,-1732.3678625,-10959.8463,-3.8952,-3.7347606666666664,6.0
As,33,139.0,13.1,876.0,5.73,30.0,0.804,5.0,32.4,0.0,15.0,4.13,1090.0,4,5,0.328,0.0,185.0,119.0,121,2.18,13.08,302.5,246.0,126.0,115.0,205.0,423.0,236.0,1.8,0.0037,0.2068208,188.0,260.0,74.921595,6e-06,True,231.0,114.0,0.0,95,1.0,89.0,90.0,15.0,78.0,21.72396574,74.92159,10.0,2.0,1090.0,2.18,0.0,3.0,0.0,0.0,4.0,3.0,15.0,887.0,3.0,2.96,5727.0,1.19,4.31,78.0,2.18,41.7,119.0,5.0,2.96,9.7886,3.0,1.15,2.18,9.789,74.922,5.0,208.702,156.526,2.1,2.3,170.1867,1.9,0.0,462.758,2.144,1.3,2.14,1.956,0.0,1.0,2.0,3.0,0.0,0.0,-1861.5311375000003,-11718.0418,-5.1947,-1.8667893666666664,6.0
Se,34,140.0,16.5,958.1,4.79,28.9,2.02067,6.0,59.7,5.23,16.0,4.36,490.0,4,1,0.0,0.52,190.0,120.0,116,2.55,14.34,227.2,210.0,117.0,115.0,190.0,420.5,229.0,0.05,0.0002,0.2240328,182.0,233.0,78.971,0.008,0,224.0,107.0,1818.0,101,1.0,93.0,95.0,16.0,195.0,27.20880463,78.971,10.0,2.0,494.0,2.55,0.0,4.0,0.0,0.0,4.0,2.0,16.0,958.0,2.0,2.46,4819.0,1.2,3.77,195.0,2.55,54.6,116.0,6.0,2.46,2.55,2.0,1.15,2.55,9.752392,78.96,6.0,211.555,158.666,2.1,2.2,257.1286,1.9,0.0,446.842,2.147,1.3,2.177,1.928,0.0,1.0,2.0,4.0,0.0,0.0,-1995.8886625,-12503.4787,-6.511,-7.890003516666667,6.0
Br,35,0.0,23.5,331.9,3.12,21.0,3.3635882,7.0,29.56,10.57,17.0,6.67,265.9,4,6,0.0,0.005,185.0,120.0,114,2.96,15.88,111.85,162.0,119.0,115.0,190.0,418.9,222.0,2.4,67.3,0.2412578,186.0,187.0,79.904,0.0,0,219.0,109.0,1826.0,108,1.0,98.0,100.0,17.0,325.0,42.52782532,79.904,10.0,2.0,265.8,2.96,0.0,5.0,0.0,0.0,4.0,1.0,17.0,332.0,1.0,1.22,3120.0,1.2,3.05,325.0,2.96,69.0,114.0,7.0,1.22,11.8138,1.0,1.15,2.96,11.81381,79.904,7.0,216.285,162.214,2.1,2.2,368.4488,1.9,0.0,503.852,2.139,1.3,2.186,1.89,0.0,1.0,2.0,5.0,0.0,0.0,-2135.441925,-13316.2796,-7.8591,-10.361889966666666,6.0
Kr,36,0.0,32.2,120.85,2.155,16.78,0.0,8.0,9.05,0.0,18.0,5.72,116.6,4,2,0.247,0.0095,202.0,116.0,117,0.0,17.54,0.0,130.0,0.0,0.0,0.0,414.1,215.0,0.0001,0.00021,0.2584813,207.0,136.0,83.798,0.002,0,212.0,121.0,1898.0,115,0.02,4.0,4.0,18.0,0.0,37107.49474,83.798,10.0,2.0,115.79,0.0,0.0,6.0,0.0,0.0,4.0,0.0,18.0,119.78,0.0,0.116,3.75,1.16,2.4844,0.0,0.0,14.1,110.0,0.0,0.116,13.9996,0.0,0.0,3.0,13.9996049,83.8,8.0,185.331,138.998,2.3,2.5,506.7358,2.0,0.0,334.95,2.354,1.3,2.368,1.821,0.0,1.0,2.0,6.0,0.0,0.0,-2280.2001375,-14156.5824,-9.2466,5.192101475,4.0
Rb,37,248.0,55.9,961.0,1.532,319.8,0.48592,1.0,75.8,2.2,1.0,5.59,312.2,5,3,0.36,58.2,303.0,220.0,210,0.82,4.177,80.9,4769.0,225.0,235.0,290.0,411.4,325.0,90.0,0.12,0.104686,321.0,4660.0,85.4678,0.0003,0,240.0,202.0,1861.0,4,0.3,9.0,9.0,1.0,47.0,92.64095184,85.4678,0.0,1.0,312.46,0.82,0.0,0.0,0.0,0.0,5.0,1.0,1.0,961.0,1.0,0.852,1532.0,2.2,47.27,47.0,0.82,15.3,211.0,1.0,0.852,0.82,1.0,2.35,0.82,4.177128,0.0,0.0,0.0,0.0,0.0,0.0,0.0,0.0,0.0,0.0,0.0,0.0,0.0,0.0,0.0,0.0,0.0,0.0,0.0,0.0,0.0,0.0,0.0,0.0,0.0
Sr,38,215.0,33.7,1657.0,2.54,197.2,0.048,2.0,144.0,9.2,2.0,6.08,1042.0,5,4,0.301,0.0,249.0,195.0,185,0.95,5.695,164.0,3175.0,195.0,200.0,255.0,364.1,300.0,370.0,7.9,0.1185082,284.0,3230.0,87.62,0.01,0,279.0,157.0,1790.0,8,0.2,15.0,15.0,2.0,5.0,55.32313078,87.62,0.0,2.0,1050.0,0.95,0.0,0.0,0.0,0.0,5.0,0.0,2.0,1655.0,0.0,1.72,2630.0,1.95,25.55,5.0,0.95,20.1,192.0,2.0,1.72,0.95,0.0,2.0,0.95,5.6948672,0.0,0.0,0.0,0.0,0.0,0.0,0.0,0.0,0.0,0.0,0.0,0.0,0.0,0.0,0.0,0.0,0.0,0.0,0.0,0.0,0.0,0.0,0.0,0.0,0.0
Y,39,178.0,19.8,3611.0,4.47,162.0,0.307,2.0,367.0,11.5,3.0,3.65,1795.0,5,8,0.284,0.0,232.0,190.0,163,1.22,6.631,424.7,0.0,0.0,180.0,240.0,334.5,271.0,33.0,1.3e-05,0.1216986,275.0,2600.0,88.90584,2e-05,True,274.0,130.0,1789.0,12,12.0,19.0,21.0,3.0,30.0,33.01321288,88.90584,1.0,2.0,1799.0,1.22,0.0,0.0,9.0,0.0,5.0,9.0,3.0,3618.0,1.0,4.37,4472.0,1.9,22.7,30.0,1.22,23.1,162.0,3.0,4.37,1.22,1.0,1.8,1.22,6.21726,0.0,0.0,0.0,0.0,0.0,0.0,0.0,0.0,0.0,0.0,0.0,0.0,0.0,0.0,0.0,0.0,0.0,0.0,0.0,0.0,0.0,0.0,0.0,0.0,0.0
Zr,40,160.0,14.1,4650.0,6.506,112.0,0.426,2.0,567.0,19.2,4.0,3.23,2125.0,5,8,0.281,22.7,223.0,175.0,154,1.33,7.808,610.0,0.0,0.0,155.0,230.0,312.4,254.0,165.0,3e-05,0.1248887,252.0,1360.0,91.224,0.002,0,268.0,127.0,1789.0,44,13.0,49.0,49.0,4.0,41.0,23.26594327,91.224,2.0,2.0,2128.0,1.33,0.0,0.0,8.0,0.0,5.0,8.0,4.0,4682.0,2.0,6.25,6511.0,1.75,17.9,41.0,1.33,27.1,148.0,4.0,6.25,1.33,2.0,1.55,1.33,6.6339,0.0,0.0,0.0,0.0,0.0,0.0,0.0,0.0,0.0,0.0,0.0,0.0,0.0,0.0,0.0,0.0,0.0,0.0,0.0,0.0,0.0,0.0,0.0,0.0,0.0
Nb,41,146.0,10.8,5015.0,8.57,98.0,0.917406,1.0,680.0,26.8,5.0,3.3,2741.0,5,8,0.268,53.7,218.0,164.0,147,1.6,8.34,733.0,0.0,0.0,145.0,215.0,316.5,243.0,20.0,1e-05,0.1280782,256.0,1140.0,92.90637,2e-05,True,251.0,125.0,1801.0,48,8.0,52.0,53.0,5.0,86.0,18.00213298,92.90637,4.0,1.0,2750.0,1.6,0.0,0.0,6.0,0.0,5.0,7.0,5.0,5017.0,5.0,7.57,8570.0,1.64,15.7,86.0,1.6,30.8,137.0,5.0,7.57,6.7588,5.0,1.45,1.6,6.75885,0.0,0.0,0.0,0.0,0.0,0.0,0.0,0.0,0.0,0.0,0.0,0.0,0.0,0.0,0.0,0.0,0.0,0.0,0.0,0.0,0.0,0.0,0.0,0.0,0.0
Mo,42,139.0,9.4,4885.0,10.22,87.0,0.748,1.0,590.0,28.0,6.0,3.15,2890.0,5,8,0.251,0.0,217.0,154.0,138,2.16,8.71,658.98,0.0,0.0,145.0,210.0,305.2,239.0,1.2,0.01,0.1312672,245.0,1030.0,95.95,0.01,0,244.0,121.0,1778.0,52,6.0,55.0,56.0,6.0,72.0,15.50088069,95.95,5.0,1.0,2896.0,2.16,0.0,0.0,5.0,0.0,5.0,6.0,6.0,4912.0,6.0,6.82,10280.0,1.54,12.8,72.0,2.16,35.5,145.0,6.0,6.82,7.0924,6.0,1.45,2.16,7.09243,95.94,6.0,224.584,168.438,2.75,2.75,217.5176,2.2,2.111,345.278,2.821,1.3,2.815,2.211,0.0,1.0,4.0,5.0,0.0,0.0,-2630.72603,-19819.0341,-3.7535,5.551019466666667,6.0
Tc,43,136.0,8.5,5150.0,11.5,79.0,0.55,1.0,585.0,23.8,7.0,2.74,2445.0,5,8,0.243,50.6,216.0,147.0,128,2.1,8.94,678.0,0.0,0.0,135.0,205.0,299.8,236.0,0.0,0.0,0.1344592,244.0,939.0,97.90721,3e-05,0,241.0,120.0,1937.0,56,10.0,58.0,59.0,7.0,53.0,14.15101151,97.90721,5.0,2.0,2430.0,1.9,0.0,0.0,5.0,0.0,5.0,5.0,7.0,4538.0,5.0,6.85,11500.0,1.47,11.4,53.0,1.9,39.9,156.0,7.0,6.85,1.9,5.0,1.35,1.9,7.119381,98.906,7.0,228.694,171.521,2.8,2.75,322.732,2.25,0.0,384.541,2.873,1.3,2.844,2.188,0.0,1.0,4.0,5.0,0.0,0.0,-2779.12817,-20861.6285,-4.1695,4.985031057142857,7.0
Ru,44,134.0,8.3,4173.0,12.41,72.0,1.05,1.0,0.0,25.5,8.0,2.7,2583.0,5,8,0.238,117.0,213.0,146.0,125,2.2,9.1,650.6,0.0,0.0,130.0,205.0,296.3,234.0,0.001,7e-07,0.1376494,246.0,809.0,101.07,0.02,0,237.0,114.0,1844.0,60,10.0,63.0,61.0,8.0,101.0,13.56787441,101.07,7.0,1.0,2607.0,2.2,0.0,0.0,3.0,0.0,5.0,4.0,8.0,4423.0,4.0,6.74,12370.0,1.46,9.6,101.0,2.2,43.2,126.0,8.0,6.74,2.2,4.0,1.3,2.2,7.3605,101.07,8.0,213.271,159.953,2.7,2.65,454.8837,2.17,0.0,333.494,2.758,1.3,2.865,2.25,0.0,1.0,1.0,0.0,7.0,0.0,-2931.83315,-21933.2693,-4.2392,4.127661357142857,7.0
Rh,45,134.0,8.3,4000.0,12.41,66.0,1.137,1.0,494.0,21.8,9.0,3.8,2239.0,5,8,0.244,150.0,210.0,142.0,125,2.28,9.259,556.0,0.0,0.0,135.0,200.0,292.9,234.0,0.001,0.0,0.1408379,244.0,708.0,102.9055,2e-05,True,233.0,110.0,1803.0,64,10.0,66.0,63.0,9.0,110.0,13.72550981,102.9055,8.0,1.0,2237.0,2.28,0.0,0.0,2.0,0.0,5.0,3.0,9.0,3968.0,3.0,5.75,12450.0,1.42,8.6,110.0,2.28,47.3,135.0,9.0,5.75,7.4589,3.0,1.35,2.28,7.4589,102.906,9.0,228.996,171.747,2.7,2.65,616.4198,2.17,0.0,374.513,2.752,1.3,2.703,2.174,0.0,1.0,1.0,0.0,8.0,0.0,-3088.88749,-23034.1986,-4.2999,1.0799229571428575,7.0
Pd,46,137.0,8.9,3413.0,12.02,26.14,0.562,1.0,372.4,17.24,10.0,3.89,1825.0,5,8,0.244,71.8,210.0,139.0,120,2.2,9.402,376.6,0.0,0.0,140.0,205.0,289.9,237.0,0.015,0.0,0.1440276,215.0,628.0,106.42,0.01,0,215.0,117.0,1803.0,68,0.1,69.0,65.0,10.0,54.0,14.69838627,106.42,10.0,0.0,1828.05,2.2,0.0,0.0,0.0,0.0,5.0,0.0,10.0,3236.0,0.0,3.89,12023.0,1.39,4.8,54.0,2.2,50.9,131.0,10.0,3.89,8.3369,0.0,1.4,2.2,8.33686,106.42,10.0,250.925,188.194,2.6,2.71,809.753,2.0,0.0,416.23,2.653,1.3,2.734,2.103,0.0,1.0,0.0,0.0,0.0,0.0,-3250.33512,-24164.6631,-4.3543,-1.0107587428571427,7.0
Ag,47,144.0,10.3,2485.0,10.5,55.0,1.302,1.0,254.1,11.95,11.0,4.09,1235.1,5,8,0.237,429.0,211.0,145.0,128,1.93,11.05,284.9,0.0,177.0,160.0,210.0,314.8,243.0,0.075,4e-05,0.1472165,253.0,341.0,107.8682,0.0002,0,225.0,139.0,0.0,72,8.0,71.0,67.0,11.0,126.0,17.07564795,107.8682,10.0,1.0,1234.93,1.93,0.0,0.0,0.0,0.0,5.0,1.0,11.0,2435.0,1.0,2.95,10490.0,1.45,6.99,126.0,1.93,58.3,153.0,1.0,2.95,1.93,1.0,1.6,1.93,7.576234,107.868,11.0,249.844,187.383,2.5,2.84,1037.2675,2.0,0.0,412.496,2.56,1.3,2.576,2.072,0.0,1.0,0.0,0.0,0.0,0.0,-3416.2190199999995,-25324.9161,-4.4045,0.4383312142857147,7.0
Cd,48,154.0,13.1,1038.0,8.65,46.0,0.0,2.0,59.1,6.11,12.0,2.98,594.1,5,8,0.232,96.9,218.0,144.0,136,1.69,8.995,111.8,0.0,160.0,155.0,220.0,284.8,250.0,0.15,0.00011,0.1504066,249.0,405.0,112.414,0.004,0,238.0,144.0,1817.0,78,2.0,75.0,75.0,12.0,0.0,21.58002546,112.414,10.0,2.0,594.22,1.69,0.0,0.0,0.0,0.0,5.0,0.0,12.0,1040.0,0.0,1.16,8650.0,1.44,7.32,0.0,1.69,10.7,148.0,2.0,1.16,8.9938,0.0,1.55,1.69,8.993822,112.411,12.0,274.336,205.752,2.3,2.98,1293.1815,2.0,2.054,456.106,2.358,1.3,2.45,1.955,0.0,1.0,0.0,0.0,0.0,0.0,-3590.76054,-26519.7817,-5.6592,-4.401418266666667,6.0
In,49,166.0,15.7,2353.0,7.31,65.0,0.3,3.0,225.1,3.24,13.0,4.59,429.32,5,7,0.234,81.8,193.0,142.0,142,1.78,9.793,243.0,779.0,0.0,155.0,220.0,446.3,264.0,0.25,0.02,0.16423,243.0,643.0,114.818,0.001,0,246.0,136.0,1863.0,84,4.0,79.0,80.0,13.0,29.0,26.08265816,114.818,10.0,2.0,429.75,1.78,0.0,1.0,0.0,0.0,5.0,5.0,13.0,2345.0,1.0,2.52,7310.0,1.42,9.65,29.0,1.78,16.9,144.0,3.0,2.52,5.7863,1.0,1.55,1.78,5.7863552,114.82,3.0,95.934,71.951,3.1,3.17,53.7908,2.4,0.0,237.125,3.168,1.3,3.187,2.711,0.0,1.0,2.0,1.0,0.0,0.0,-3429.7969818181823,-27747.9169,-2.5185,-2.7260416333333333,6.0
Sn,50,162.0,16.3,2543.0,7.31,53.0,1.112067,4.0,296.0,7.07,14.0,5.82,505.1,5,7,0.222,66.8,217.0,139.0,140,1.96,10.79,301.2,659.0,140.0,145.0,225.0,439.2,259.0,2.3,4e-06,0.178052,242.0,715.0,118.71,0.007,0,248.0,130.0,0.0,90,6.0,83.0,83.0,14.0,107.0,26.96678526,118.71,10.0,2.0,505.08,1.96,0.0,2.0,0.0,0.0,5.0,4.0,14.0,2875.0,2.0,3.14,7310.0,1.39,7.06,107.0,1.96,23.9,141.0,4.0,3.14,1.96,2.0,1.45,1.96,7.343917,118.71,4.0,103.236,77.427,3.0,2.96,94.086,2.0,0.0,263.585,3.078,1.3,3.022,2.655,0.0,1.0,2.0,2.0,0.0,0.0,-3599.7329363636363,-29007.2859,-3.694,1.8116243666666663,6.0
Sb,51,159.0,18.4,1908.0,6.691,43.0,1.046,5.0,195.2,20.08,15.0,4.51,903.9,5,5,0.205,24.43,206.0,139.0,140,2.05,11.74,264.4,492.0,140.0,145.0,220.0,442.0,252.0,0.2,0.00024,0.1918774,247.0,504.0,121.76,0.001,0,246.0,133.0,0.0,96,2.0,88.0,91.0,15.0,103.0,30.19142344,121.76,10.0,2.0,903.78,2.05,0.0,3.0,0.0,0.0,5.0,3.0,15.0,1860.0,3.0,2.75,6697.0,1.39,6.6,103.0,2.05,32.1,138.0,5.0,2.75,8.6083,3.0,1.45,2.05,8.608389,121.75,5.0,172.069,129.052,2.3,2.98,149.9515,2.2,0.0,380.513,2.346,1.3,2.36,2.192,0.0,1.0,2.0,3.0,0.0,0.0,-3774.3903363636364,-30298.2797,-4.8276,-1.703064333333333,6.0
Te,52,160.0,20.5,1263.0,6.24,38.0,1.970876,6.0,49.8,17.91,16.0,4.45,722.7,5,5,0.201,14.3,206.0,138.0,136,2.1,12.76,196.6,445.0,133.0,140.0,210.0,447.0,244.0,0.001,0.0,0.2056992,199.0,471.0,127.6,0.03,0,242.0,128.0,1782.0,102,4.0,92.0,94.0,16.0,190.0,33.95668872,127.6,10.0,2.0,722.66,2.1,0.0,4.0,0.0,0.0,5.0,2.0,16.0,1261.0,2.0,2.19,6240.0,1.38,5.5,190.0,2.1,40.4,135.0,6.0,2.19,2.1,2.0,1.4,2.1,9.00966,127.6,6.0,174.982,131.236,2.3,2.9,223.2721,2.2,0.0,368.792,2.345,1.3,2.397,2.174,0.0,1.0,2.0,4.0,0.0,0.0,-3953.8257818181814,-31621.2075,-5.9526,-7.803000133333334,6.0
I,53,0.0,25.7,457.5,4.93,32.9,3.0590368,7.0,41.95,15.52,17.0,7.72,386.7,5,6,0.0,0.0,198.0,139.0,133,2.66,13.95,106.757,385.0,140.0,140.0,210.0,450.0,236.0,0.45,0.06,0.2195176,204.0,389.0,126.90447,3e-05,True,238.0,129.0,1811.0,109,1.3,97.0,99.0,17.0,295.0,42.65885747,126.90447,10.0,2.0,386.85,2.66,0.0,5.0,0.0,0.0,5.0,1.0,17.0,457.3,1.0,1.11,4940.0,1.39,5.025,295.0,2.66,48.9,133.0,7.0,1.11,10.4512,1.0,1.4,2.66,10.45126,126.904,7.0,175.647,131.735,2.3,2.81,315.8678,2.2,0.0,370.139,2.359,1.3,2.392,2.17,0.0,1.0,0.0,0.0,0.0,0.0,-4138.081463636363,-32976.3739,-7.0851,-9.317992683333333,6.0
Xe,54,0.0,42.9,166.1,3.52,27.32,-0.056,8.0,12.65,0.0,18.0,6.2,161.3,5,2,0.158,0.0057,216.0,140.0,131,2.6,15.27,0.0,0.0,0.0,0.0,0.0,440.4,228.0,3e-05,5e-05,0.2333511,228.0,302.0,131.293,0.006,0,232.0,135.0,1898.0,116,0.2,5.0,5.0,18.0,0.0,36952.92402,131.293,10.0,2.0,161.3,2.6,0.0,6.0,0.0,0.0,5.0,0.0,18.0,165.0,0.0,0.16,5.9,1.4,4.044,0.0,2.6,67.5,130.0,0.0,0.16,2.6,0.0,0.0,2.6,12.1298431,131.294,8.0,153.118,114.839,2.5,2.5,429.516,2.0,0.0,218.469,2.564,1.3,2.58,2.195,0.0,1.0,2.0,6.0,0.0,0.0,-4327.197172727273,-34364.0918,-8.2334,3.21100985,4.0
Cs,55,267.0,70.0,951.6,1.873,400.9,0.471626,1.0,68.3,2.09,1.0,6.05,301.6,6,3,0.241,35.9,343.0,244.0,232,0.79,3.898,76.5,0.0,237.0,260.0,300.0,451.7,344.0,3.0,0.0003,0.1542125,348.0,6660.0,132.905452,6e-08,True,249.0,209.0,1860.0,5,0.7,8.0,8.0,1.0,46.0,117.4560158,132.90545,0.0,1.0,301.59,0.79,0.0,0.0,0.0,0.0,6.0,1.0,1.0,944.0,1.0,0.804,1879.0,2.44,59.42,46.0,0.79,12.1,225.0,1.0,0.804,3.8939,1.0,2.6,0.79,3.893905548,0.0,0.0,0.0,0.0,0.0,0.0,0.0,0.0,0.0,0.0,0.0,0.0,0.0,0.0,0.0,0.0,0.0,0.0,0.0,0.0,0.0,0.0,0.0,0.0,0.0
Ba,56,222.0,39.0,1910.0,3.5,272.0,0.14462,2.0,142.0,7.66,2.0,5.02,1002.0,6,4,0.192,0.0,268.0,215.0,196,0.89,5.211,179.1,0.0,210.0,215.0,270.0,370.3,307.0,425.0,0.013,0.1586786,303.0,5540.0,137.327,0.007,0,293.0,161.0,1808.0,9,10.0,14.0,14.0,2.0,14.0,64.96928167,137.327,0.0,2.0,1000.0,0.89,0.0,0.0,0.0,0.0,6.0,0.0,2.0,2143.0,0.0,1.9,3510.0,2.15,39.7,14.0,0.89,14.8,198.0,2.0,1.9,5.2116,0.0,2.15,0.89,5.211664,0.0,0.0,0.0,0.0,0.0,0.0,0.0,0.0,0.0,0.0,0.0,0.0,0.0,0.0,0.0,0.0,0.0,0.0,0.0,0.0,0.0,0.0,0.0,0.0,0.0
La,57,187.0,22.5,3730.0,6.15,215.0,0.47,2.0,402.0,8.5,3.0,3.75,1194.0,6,9,0.197,13.4,243.0,207.0,180,1.1,0.0,431.0,0.0,0.0,195.0,250.0,352.2,278.0,39.0,3.4e-06,0.163142,298.0,3730.0,138.90547,7e-05,0,284.0,139.0,1839.0,13,20.0,33.0,32.0,3.0,48.0,37.53064612,138.90547,1.0,2.0,1193.0,1.1,0.0,0.0,9.0,0.0,6.0,9.0,3.0,3737.0,1.0,4.47,6146.0,2.07,31.1,48.0,1.1,16.8,169.0,3.0,4.47,5.5769,1.0,1.95,1.1,5.5769,138.9,11.0,219.292,164.469,2.8,2.9,865.9763,2.3,1.601,583.575,2.853,1.3,2.802,2.156,0.0,1.0,0.0,0.0,0.0,0.0,-3880.8072928571432,-38741.0879,-3.0911,-6.2424906625,8.0
Ce,58,181.0,21.0,3699.0,6.757,205.0,0.65,2.0,398.0,5.2,0.0,5.16,1072.0,6,9,0.205,11.3,242.0,204.0,163,1.12,0.0,420.1,0.0,0.0,185.0,0.0,355.6,274.0,66.5,1.2e-06,0.16761,288.0,3480.0,140.116,0.001,0,282.0,137.0,1803.0,15,20.0,32.0,31.0,3.0,50.0,34.78450148,140.116,1.0,2.0,1071.0,1.12,13.0,0.0,9.0,1.0,6.0,22.0,4.0,3633.0,1.0,4.32,6689.0,2.04,29.6,50.0,1.12,0.1,183.0,4.0,4.32,5.5387,1.0,1.85,1.12,5.5386,140.115,12.0,273.042,204.781,2.7,2.5,1063.0861,1.8,1.81,580.196,2.749,1.3,2.81,2.162,0.0,1.0,0.0,0.0,0.0,0.0,-4041.873378571429,-40258.9816,-3.0598,-3.428642987499999,8.0
Pr,59,182.0,20.8,3785.0,6.773,216.0,0.962,2.0,331.0,11.3,0.0,3.67,1204.0,6,9,0.192,12.5,240.0,203.0,176,1.13,0.0,356.9,0.0,0.0,185.0,0.0,360.6,273.0,9.2,6.4e-07,0.17208,292.0,3760.0,140.90766,2e-05,True,286.0,138.0,1885.0,17,20.0,31.0,30.0,3.0,50.0,35.23917573,140.90766,0.0,2.0,1204.0,1.13,11.0,0.0,0.0,3.0,6.0,11.0,5.0,3563.0,3.0,3.7,6640.0,2.03,28.2,50.0,1.13,2.0,182.0,5.0,3.7,5.473,3.0,1.85,1.13,5.473,140.907,13.0,337.25,252.937,2.4,2.8,1297.7434,1.8,1.903,746.659,2.463,1.3,2.477,1.906,0.0,1.0,0.0,0.0,0.0,0.0,-4203.544821428571,-41807.2314,-2.4969,-11.0312278375,8.0
Nd,60,182.0,20.6,3341.0,7.007,208.0,1.916,2.0,289.0,7.1,0.0,3.66,1294.0,6,9,0.205,0.0,239.0,201.0,174,1.14,0.0,326.9,0.0,0.0,185.0,0.0,357.5,273.0,41.5,2.8e-06,0.176539,295.0,3560.0,144.242,0.003,0,284.0,137.0,1925.0,19,20.0,30.0,29.0,3.0,50.0,34.16905488,144.242,0.0,2.0,1294.0,1.14,10.0,0.0,0.0,4.0,6.0,10.0,6.0,3373.0,4.0,3.4,7010.0,2.01,31.4,50.0,1.14,1.5,181.0,6.0,3.4,5.525,4.0,1.85,1.14,5.525,144.24,14.0,338.34,253.755,2.4,2.8,1566.7848,1.8,2.111,735.112,2.462,1.3,2.497,1.921,0.0,1.0,0.0,0.0,0.0,0.0,-4371.498607142857,-43392.6566,-2.414,-11.539838062500001,8.0
Pm,61,0.0,0.0,3000.0,7.2,200.0,0.0,2.0,0.0,0.0,0.0,0.0,1441.0,6,9,0.185,17.9,238.0,199.0,173,0.0,0.0,0.0,0.0,0.0,185.0,0.0,354.7,272.0,0.0,0.0,0.1810032,0.0,3340.0,144.91276,2e-05,0,283.0,135.0,1945.0,21,20.0,29.0,28.0,3.0,50.0,33.14754856,144.91276,0.0,2.0,1373.0,1.13,9.0,0.0,0.0,5.0,6.0,9.0,7.0,3273.0,5.0,3.23,7264.0,1.99,30.1,50.0,1.13,120.0,181.0,7.0,0.0,5.582,5.0,1.85,1.13,5.582,146.915,15.0,340.358,255.269,2.4,2.8,1874.7383,1.8,1.81,726.161,2.458,1.3,2.512,1.932,0.0,1.0,0.0,0.0,0.0,0.0,-4543.0554999999995,-45012.5675,-2.319,-12.0060256875,8.0
Sm,62,181.0,19.9,2064.0,7.52,192.0,0.0,2.0,165.0,8.9,0.0,9.0,1350.0,6,9,0.18,0.0,236.0,198.0,172,1.17,0.0,206.7,0.0,0.0,185.0,0.0,352.0,271.0,7.05,4.5e-07,0.185468,290.0,3130.0,150.36,0.02,0,280.0,134.0,1879.0,23,20.0,28.0,27.0,3.0,50.0,33.95681901,150.36,0.0,2.0,1345.0,1.17,8.0,0.0,0.0,6.0,6.0,8.0,8.0,2076.0,6.0,2.14,7353.0,1.98,28.8,50.0,1.17,5.2,180.0,8.0,2.14,1.17,6.0,1.85,1.17,5.64371,150.36,16.0,341.177,255.883,2.4,2.8,2223.7718,1.8,2.318,715.027,2.457,1.3,2.532,1.947,0.0,1.0,0.0,0.0,0.0,0.0,-4718.299500000001,-46667.4362,-2.2157,-10.907438311111111,9.0
Eu,63,199.0,28.9,1870.0,5.243,184.0,0.864,2.0,176.0,0.0,0.0,4.61,1095.0,6,9,0.176,13.9,235.0,198.0,168,0.0,0.0,177.4,0.0,0.0,185.0,0.0,349.3,294.0,2.0,1.3e-07,0.189935,287.0,2940.0,151.964,0.001,0,280.0,134.0,1901.0,25,20.0,18.0,17.0,3.0,50.0,48.12129236,151.964,0.0,2.0,1095.0,1.2,7.0,0.0,0.0,7.0,6.0,7.0,9.0,1800.0,7.0,1.86,5244.0,1.98,27.7,50.0,1.2,0.0,199.0,9.0,1.86,5.6703,7.0,1.85,1.2,5.670385,151.965,17.0,344.705,258.529,2.4,2.8,2616.0112,1.8,2.308,709.983,2.446,1.3,2.541,1.954,0.0,1.0,0.0,0.0,0.0,0.0,-4897.304078571427,-48357.7368,-2.1068,-11.348351155555555,9.0
Gd,64,179.0,19.9,3539.0,7.9,158.0,0.0,2.0,398.0,0.0,0.0,3.64,1586.0,6,9,0.23,0.0,234.0,196.0,169,1.2,0.0,397.5,0.0,0.0,180.0,0.0,336.8,271.0,6.2,7e-07,0.1944,283.0,2340.0,157.25,0.03,0,277.0,135.0,1880.0,27,20.0,27.0,26.0,3.0,50.0,33.04972431,157.25,1.0,2.0,1586.0,1.2,7.0,0.0,9.0,7.0,6.0,16.0,10.0,3523.0,8.0,4.14,7901.0,1.96,23.5,50.0,1.2,8.6,179.0,10.0,4.14,6.1498,8.0,1.8,1.2,6.149796,157.25,18.0,342.859,257.144,2.4,2.8,3053.5577,1.8,2.316,788.751,2.454,1.3,2.41,1.854,0.0,1.0,0.0,0.0,0.0,0.0,-5080.137585714287,-50083.952,-1.994,-10.185409622222222,9.0
Tb,65,180.0,19.2,3296.0,8.229,170.0,1.165,2.0,389.0,0.0,0.0,3.6,1629.0,6,9,0.183,11.1,233.0,194.0,168,0.0,0.0,388.7,0.0,0.0,175.0,0.0,345.1,270.0,1.2,1.4e-07,0.198863,279.0,2590.0,158.92535,2e-05,True,276.0,135.0,1843.0,29,20.0,26.0,25.0,3.0,50.0,32.10949276,158.92535,0.0,2.0,1629.0,1.1,5.0,0.0,0.0,9.0,6.0,5.0,11.0,3503.0,5.0,4.05,8219.0,1.94,25.5,50.0,1.1,2.4,176.0,11.0,4.05,1.1,5.0,1.75,1.1,5.8638,158.925,19.0,340.855,255.642,2.4,2.8,3538.4865,1.8,2.306,783.199,2.463,1.3,2.419,1.861,0.0,1.0,0.0,0.0,0.0,0.0,-5266.865792857142,-51846.5775,-1.8787,-10.672478888888888,9.0
Dy,66,180.0,19.0,2835.0,8.55,163.0,0.352,2.0,291.0,0.0,0.0,3.59,1685.0,6,9,0.173,10.7,231.0,192.0,167,1.22,0.0,290.4,0.0,0.0,175.0,0.0,342.8,290.0,5.2,9.1e-07,0.20333,287.0,2430.0,162.5,0.001,0,275.0,133.0,1886.0,31,15.0,25.0,24.0,3.0,50.0,31.55699985,162.5,0.0,2.0,1685.0,1.22,4.0,0.0,0.0,10.0,6.0,4.0,12.0,2840.0,4.0,3.04,8551.0,1.92,24.5,50.0,1.22,4.3,175.0,12.0,3.04,5.9389,4.0,1.75,1.22,5.93905,162.5,20.0,341.547,256.16,2.5,2.8,4072.8507,1.8,2.304,678.956,2.562,1.3,2.598,1.998,0.0,1.0,0.0,0.0,0.0,0.0,-5457.553278571429,-53646.1234,-1.7621,-11.754153333333335,9.0
Ho,67,179.0,18.7,2968.0,8.795,156.0,0.0,2.0,301.0,0.0,0.0,3.58,1747.0,6,9,0.164,0.0,230.0,192.0,166,1.23,0.0,300.6,0.0,0.0,175.0,0.0,340.9,267.0,1.3,2.2e-07,0.207795,281.0,2280.0,164.93033,2e-05,True,273.0,133.0,1878.0,33,10.0,24.0,23.0,3.0,50.0,31.14037991,164.93033,0.0,2.0,1747.0,1.23,3.0,0.0,0.0,11.0,6.0,3.0,13.0,2973.0,3.0,3.14,8795.0,1.92,23.6,50.0,1.23,5.2,174.0,13.0,3.14,6.0215,3.0,1.75,1.23,6.0215,164.93,21.0,343.845,257.884,2.4,3.0,4658.6903,1.8,2.316,764.071,2.454,1.3,2.449,1.884,0.0,1.0,0.0,0.0,0.0,0.0,-5652.264678571429,-55483.1169,-1.645,-12.147810477777778,9.0
Er,68,178.0,18.4,3136.0,9.06,150.0,0.0,2.0,317.0,0.0,0.0,3.56,1802.0,6,9,0.168,0.0,229.0,189.0,165,1.24,0.0,316.4,0.0,0.0,175.0,0.0,339.1,267.0,3.5,8.7e-07,0.212261,283.0,2150.0,167.259,0.003,0,272.0,133.0,1843.0,35,10.0,23.0,22.0,3.0,50.0,30.63606837,167.259,0.0,2.0,1770.0,1.24,2.0,0.0,0.0,12.0,6.0,2.0,14.0,3141.0,2.0,3.29,9066.0,1.89,22.7,50.0,1.24,4.7,173.0,14.0,3.29,6.0177,2.0,1.75,1.24,6.1077,167.26,22.0,346.295,259.722,2.4,3.0,5298.0349,1.8,2.308,756.959,2.446,1.3,2.46,1.893,0.0,1.0,0.0,0.0,0.0,0.0,-5851.065321428572,-57358.1037,-1.5284,-13.216094922222222,9.0
Tm,69,177.0,18.1,2220.0,9.321,144.0,1.029,2.0,232.0,0.0,0.0,3.54,1818.0,6,9,0.16,0.0,227.0,190.0,164,1.25,0.0,232.2,0.0,0.0,175.0,0.0,337.4,267.0,0.52,1.7e-07,0.2167244,279.0,2020.0,168.93422,2e-05,True,271.0,131.0,1879.0,37,15.0,22.0,20.0,3.0,50.0,30.09638585,168.93422,0.0,2.0,1818.0,1.25,1.0,0.0,0.0,13.0,6.0,1.0,15.0,2223.0,1.0,2.42,9321.0,1.9,21.8,50.0,1.25,4.6,173.0,15.0,2.42,1.25,1.0,1.75,1.25,6.18431,168.93,23.0,344.206,258.154,2.5,3.0,5992.8956,1.8,2.316,661.616,2.554,1.3,2.632,2.024,0.0,1.0,0.0,0.0,0.0,0.0,-6054.0215071428565,-59271.6495,-1.413,-13.524580866666668,9.0
Yb,70,194.0,24.8,1466.0,6.9654,139.0,-0.02,2.0,159.0,3.35,0.0,5.49,1097.0,6,9,0.145,0.0,226.0,187.0,170,0.0,0.0,155.6,0.0,0.0,175.0,0.0,335.5,279.0,3.2,8.2e-07,0.22119,280.0,1910.0,173.045,0.01,0,277.0,129.0,1878.0,39,6.0,17.0,18.0,3.0,50.0,43.73967194,173.054,0.0,2.0,1092.0,1.1,0.0,0.0,0.0,14.0,6.0,0.0,16.0,1469.0,0.0,1.6,6570.0,1.87,20.9,50.0,1.1,1.3,194.0,16.0,1.6,1.06,0.0,1.75,1.1,6.25416,173.04,24.0,344.312,258.234,2.5,3.0,6745.2883,1.8,2.316,651.098,2.554,1.3,2.653,2.041,0.0,1.0,0.0,0.0,0.0,0.0,-6261.201314285713,-61224.3412,-1.2996,-13.830856577777773,9.0
Lu,71,175.0,17.8,3668.0,9.8404,137.0,0.34,2.0,414.0,0.0,0.0,3.51,1936.0,6,8,0.155,0.0,224.0,187.0,162,1.0,6.455,427.6,0.0,0.0,175.0,0.0,364.0,265.0,0.8,1.5e-07,0.22565,274.0,2020.0,174.9668,0.0001,0,270.0,131.0,1907.0,41,7.0,21.0,19.0,3.0,50.0,29.52403191,174.9668,1.0,2.0,1936.0,1.27,0.0,0.0,9.0,14.0,6.0,9.0,17.0,3675.0,1.0,4.43,9841.0,1.87,21.9,50.0,1.27,7.5,172.0,3.0,4.43,5.4258,1.0,1.75,1.27,5.425871,174.967,25.0,255.695,191.771,2.8,3.0,7549.2563,2.3,2.306,568.657,2.867,1.3,2.839,2.184,0.0,1.0,0.0,0.0,0.0,0.0,-6475.772478571428,-63220.3049,-1.7505,-11.465736699999999,8.0
Hf,72,167.0,13.6,5470.0,13.31,103.0,0.014,2.0,575.0,25.1,4.0,3.2,2503.0,6,8,0.146,23.0,223.0,175.0,152,1.3,6.83,618.4,0.0,0.0,155.0,225.0,314.1,253.0,3.0,7e-06,0.229987,263.0,1040.0,178.49,0.02,0,264.0,128.0,1923.0,45,6.0,50.0,50.0,4.0,0.0,22.26871119,178.49,2.0,2.0,2506.0,1.3,0.0,0.0,8.0,14.0,6.0,8.0,18.0,4876.0,2.0,6.44,13310.0,1.75,16.2,0.0,1.3,14.2,150.0,4.0,6.44,6.825,2.0,1.55,1.3,6.82507,178.49,4.0,220.334,165.25,3.0,3.05,75.9011,2.5,2.212,335.116,3.077,1.3,3.047,2.344,0.0,1.0,5.0,0.0,0.0,0.0,-6696.987700000001,-65259.4397,-1.9877,3.7397771333333334,6.0
Ta,73,149.0,10.9,5698.0,16.654,74.0,0.322,2.0,758.0,24.7,5.0,3.31,3269.0,6,8,0.14,57.5,222.0,170.0,146,1.5,7.93,782.0,0.0,0.0,145.0,220.0,317.0,243.0,2.0,2e-06,0.234581,253.0,887.0,180.94788,2e-05,0,258.0,126.0,1802.0,49,20.0,53.0,52.0,5.0,31.0,18.04672956,180.94788,3.0,2.0,3290.0,1.5,0.0,0.0,7.0,14.0,6.0,7.0,19.0,5731.0,3.0,8.1,16650.0,1.7,13.1,31.0,1.5,21.6,138.0,5.0,8.1,1.5,3.0,1.45,1.5,7.54957,180.948,5.0,223.667,167.75,2.9,2.84,130.6506,2.33,2.205,332.075,2.97,1.3,3.06,2.354,0.0,1.0,5.0,0.0,0.0,0.0,-6924.1196,-67341.2807,-2.6455,3.728421616666667,6.0
W,74,141.0,9.53,5930.0,19.3,68.0,0.81626,2.0,824.0,35.0,6.0,3.16,3680.0,6,8,0.133,173.0,218.0,162.0,137,1.7,8.67,851.0,0.0,0.0,135.0,210.0,309.6,239.0,1.25,0.0001,0.2390504,257.0,757.0,183.84,0.01,0,253.0,120.0,1783.0,53,15.0,56.0,57.0,6.0,79.0,15.85873442,183.84,4.0,2.0,3695.0,2.36,0.0,0.0,6.0,14.0,6.0,6.0,20.0,5828.0,4.0,8.9,19250.0,1.62,11.1,79.0,2.36,31.4,146.0,6.0,8.9,2.36,4.0,1.35,2.36,7.86403,183.85,6.0,223.057,167.293,2.75,2.75,204.6103,2.33,2.147,373.438,2.801,1.3,2.886,2.23,0.0,1.0,0.0,0.0,0.0,0.0,-7156.343442857142,-69465.5836,-3.3185,4.130948666666667,6.0
Re,75,137.0,8.85,5900.0,21.02,62.0,0.15,2.0,704.0,34.0,7.0,2.76,3453.0,6,8,0.138,48.0,216.0,151.0,131,1.9,9.46,774.0,0.0,0.0,135.0,205.0,295.4,237.0,0.0007,4e-06,0.2435164,249.0,663.0,186.207,0.001,0,249.0,119.0,1925.0,57,3.0,59.0,58.0,7.0,15.0,14.71033423,186.207,5.0,2.0,3459.0,1.9,0.0,0.0,5.0,14.0,6.0,5.0,21.0,5869.0,5.0,8.03,21020.0,1.51,9.7,15.0,1.9,34.6,159.0,7.0,8.03,7.8335,5.0,1.35,1.9,7.83352,186.207,7.0,226.216,169.662,2.7,2.71,299.6589,2.25,2.105,370.28,2.768,1.3,2.719,2.204,0.0,1.0,5.0,6.0,0.0,0.0,-7393.68927142857,-71633.0043,-4.0055,2.7882159333333334,6.0
Os,76,135.0,8.43,5300.0,22.57,57.0,1.1,2.0,738.0,31.7,8.0,2.74,3327.0,6,8,0.131,0.0,216.0,144.0,129,2.2,9.78,787.0,0.0,0.0,130.0,200.0,312.0,235.0,0.0015,0.0,0.2479845,248.0,584.0,190.23,0.03,0,244.0,116.0,1804.0,61,3.0,62.0,60.0,8.0,106.0,13.98369767,190.23,6.0,2.0,3306.0,2.2,0.0,0.0,4.0,14.0,6.0,4.0,22.0,5285.0,4.0,8.17,22590.0,1.44,8.5,106.0,2.2,44.5,128.0,8.0,8.17,8.4382,4.0,1.3,2.2,8.43823,190.2,8.0,228.022,171.017,2.7,2.67,417.5999,2.25,2.004,365.08,2.766,1.3,2.738,2.22,0.0,1.0,5.0,0.0,0.0,0.0,-7636.2031,-73844.2437,-4.7055,2.003973916666667,6.0
Ir,77,136.0,8.54,4403.0,22.42,54.0,1.5638,2.0,604.0,27.61,9.0,3.84,2683.0,6,8,0.133,147.0,213.0,141.0,122,2.2,9.96,669.0,0.0,0.0,135.0,200.0,284.0,236.0,0.001,0.0,0.25106,241.0,522.0,192.217,0.003,0,233.0,115.0,1804.0,65,7.0,65.0,62.0,9.0,151.0,14.14855047,192.217,7.0,2.0,2739.0,2.2,0.0,0.0,3.0,14.0,6.0,3.0,23.0,4701.0,3.0,6.94,22560.0,1.41,7.6,151.0,2.2,48.0,137.0,9.0,6.94,8.967,3.0,1.35,2.2,8.96702,192.22,9.0,210.864,158.148,2.6,2.69,560.1833,2.25,1.857,318.962,2.667,1.3,2.748,2.3,0.0,1.0,1.0,0.0,8.0,0.0,-7883.942464285715,-76100.0449,-5.418,0.36622689999999974,6.0
Pt,78,139.0,9.1,4100.0,21.45,48.0,2.128,1.0,470.0,21.76,10.0,3.92,2045.0,6,8,0.133,71.6,213.0,136.0,123,2.2,10.16,565.7,0.0,0.0,135.0,205.0,275.4,239.0,0.005,0.0,0.25691,229.0,470.0,195.084,0.009,0,230.0,112.0,1735.0,69,4.0,68.0,64.0,10.0,205.0,15.36046351,195.084,9.0,1.0,2041.4,2.28,0.0,0.0,1.0,14.0,6.0,2.0,24.0,4098.0,2.0,5.84,21090.0,1.36,6.5,205.0,2.28,51.7,128.0,10.0,5.84,8.9588,2.0,1.35,2.28,8.95883,195.08,10.0,230.283,172.712,2.6,2.75,729.1176,2.33,0.0,358.966,2.658,1.3,2.761,2.203,0.0,1.0,1.0,0.0,9.0,0.0,-8136.97337142857,-78401.1885,-5.6573,-0.3191319428571428,7.0
Au,79,146.0,10.2,3080.0,19.3,36.0,2.30863,1.0,340.0,12.68,11.0,4.08,1337.58,6,8,0.129,318.0,214.0,136.0,124,2.4,11.33,368.2,0.0,0.0,135.0,210.0,329.3,243.0,0.004,4e-06,0.26137,232.0,427.0,196.966569,5e-06,True,226.0,121.0,0.0,73,3.0,70.0,66.0,11.0,223.0,16.94706362,196.96657,10.0,1.0,1337.33,2.54,0.0,0.0,0.0,14.0,6.0,1.0,25.0,3129.0,1.0,3.81,19300.0,1.36,5.8,223.0,2.54,57.2,144.0,1.0,3.81,9.2255,1.0,1.35,2.54,9.225553,196.966,11.0,229.943,172.457,2.5,2.84,926.0867,2.33,0.0,356.67,2.562,1.3,2.598,2.193,0.0,1.0,1.0,0.0,10.0,0.0,-8395.371635714288,-80748.5001,-5.7602,0.2004643428571426,7.0
Hg,80,157.0,14.8,629.73,13.546,33.91,0.0,2.0,58.5,2.295,12.0,2.99,234.28,6,8,0.138,8.3,223.0,132.0,133,1.9,10.44,61.38,0.0,0.0,150.0,205.0,270.5,253.0,0.085,3e-05,0.169,245.0,268.0,200.592,0.003,0,229.0,142.0,0.0,79,0.34,74.0,76.0,12.0,0.0,24.61174207,200.592,10.0,2.0,234.32,2.0,0.0,0.0,0.0,14.0,6.0,0.0,26.0,629.73,0.0,0.67,13534.0,1.32,5.36,0.0,2.0,7.8,149.0,2.0,0.67,10.4375,0.0,1.5,2.0,10.437504,200.59,12.0,233.204,174.903,2.5,3.05,1148.5194,2.5,2.106,352.362,2.557,1.3,2.614,2.171,0.0,1.0,0.0,0.0,0.0,0.0,-8662.186578571427,-83145.9708,-6.8147,-4.424899833333334,6.0
Tl,81,171.0,17.2,1730.0,11.85,50.0,0.377,3.0,162.4,4.31,13.0,3.46,576.6,6,7,0.128,46.1,196.0,145.0,144,1.8,0.0,182.2,0.0,190.0,190.0,220.0,434.7,259.0,0.85,1.9e-05,0.173447,247.0,509.0,204.38,0.0,0,242.0,142.0,1861.0,85,2.0,78.0,81.0,13.0,19.0,28.64087656,204.38,10.0,2.0,577.0,1.62,0.0,1.0,0.0,14.0,6.0,5.0,27.0,1746.0,1.0,1.88,11850.0,1.45,7.55,19.0,1.62,12.5,148.0,3.0,1.88,1.62,1.0,1.9,1.62,6.108287,204.38,3.0,90.14,67.605,3.2,3.26,57.5366,2.4,0.0,237.028,3.271,1.3,3.398,2.711,0.0,1.0,0.0,0.0,0.0,0.0,-8341.664173333333,-85594.3227,-2.37,1.8693670166666667,6.0
Pb,82,175.0,18.3,2013.0,11.35,47.0,0.35674316,4.0,177.8,4.77,14.0,4.95,600.65,6,7,0.159,35.3,202.0,146.0,144,1.8,10.97,195.2,0.0,0.0,0.0,230.0,429.7,274.0,14.0,3e-05,0.177911,260.0,534.0,207.2,0.1,0,249.0,135.0,0.0,91,3.0,82.0,82.0,14.0,35.0,30.34142301,207.2,10.0,2.0,600.61,2.33,0.0,2.0,0.0,14.0,6.0,4.0,28.0,2022.0,2.0,2.03,11340.0,1.46,6.995,35.0,2.33,18.1,147.0,4.0,2.03,7.4166,2.0,1.8,2.33,7.4166796,207.2,4.0,97.973,73.48,3.1,3.26,96.9868,2.2,0.0,234.873,3.158,1.3,3.202,2.659,0.0,1.0,0.0,0.0,0.0,0.0,-8603.991773333333,-88091.8466,-3.4971,-6.1825875833333335,6.0
Bi,83,170.0,21.3,1883.0,9.747,48.0,0.942362,5.0,172.0,11.0,15.0,4.75,544.5,6,7,0.124,7.9,207.0,148.0,151,1.9,11.9,209.6,0.0,148.0,160.0,230.0,437.0,266.0,0.0085,2e-05,0.182377,254.0,513.0,208.9804,1e-05,True,250.0,141.0,0.0,97,4.0,87.0,92.0,15.0,91.0,35.48345908,208.9804,10.0,2.0,544.4,2.02,0.0,3.0,0.0,14.0,6.0,3.0,29.0,1837.0,3.0,2.18,9780.0,1.48,0.4,91.0,2.02,23.8,146.0,5.0,2.18,7.2855,3.0,1.6,2.02,7.285516,208.98,5.0,105.037,78.777,3.0,3.09,150.8133,2.2,0.0,265.427,3.067,1.3,3.012,2.604,0.0,1.0,0.0,0.0,0.0,0.0,-8871.978086666668,-90639.6582,-4.5702,-8.162702283333333,6.0
Po,84,176.0,22.7,1235.0,9.32,44.0,1.9,6.0,102.9,10.0,16.0,3.35,527.0,6,5,0.125,0.0,197.0,140.0,145,2.0,13.0,0.0,0.0,0.0,190.0,0.0,470.9,259.0,2e-10,1.5e-14,0.186842,0.0,424.0,209.0,0.0,0,250.0,135.0,1898.0,103,4.0,91.0,93.0,16.0,183.0,37.74040639,208.98243,10.0,2.0,527.0,2.0,0.0,4.0,0.0,14.0,6.0,2.0,30.0,1235.0,2.0,1.5,9196.0,1.4,6.8,183.0,2.0,31.0,0.0,6.0,1.5,8.414,2.0,1.9,2.0,8.414,208.942,6.0,159.707,119.78,2.8,3.09,220.5365,2.2,0.0,342.908,2.854,1.3,2.825,2.272,0.0,1.0,0.0,0.0,0.0,0.0,-9145.741393333332,-93238.8199,-5.621,-7.435244066666666,6.0
At,85,0.0,0.0,610.0,0.0,42.0,2.8,7.0,0.0,0.0,17.0,0.0,575.0,6,6,0.0,0.0,202.0,150.0,147,2.2,14.1,0.0,0.0,0.0,0.0,0.0,475.0,251.0,0.0,0.0,0.19131,0.0,351.0,210.0,0.0,0,247.0,138.0,1940.0,110,4.0,96.0,98.0,17.0,270.0,0.0,209.98715,10.0,2.0,575.0,2.2,0.0,5.0,0.0,14.0,6.0,1.0,31.0,0.0,1.0,0.0,0.0,1.5,6.0,270.0,2.2,40.0,0.0,7.0,0.0,9.3175,1.0,0.0,2.2,9.31751,209.987,7.0,161.43,121.073,2.8,3.09,307.6057,2.2,0.0,341.769,2.858,1.3,2.83,2.258,0.0,1.0,0.0,0.0,0.0,0.0,-9425.38726666667,-95890.4249,-6.6657,-9.177790700000001,6.0
Rn,86,0.0,0.0,211.4,4.4,35.0,0.0,8.0,18.1,0.0,18.0,0.0,202.0,6,2,0.094,0.0036,220.0,150.0,142,0.0,15.4,0.0,0.0,0.0,0.0,0.0,476.5,243.0,4e-13,6e-16,0.195772,240.0,408.0,222.0,0.0,0,243.0,145.0,1898.0,117,2.0,6.0,6.0,18.0,0.0,37887.79955,222.01758,10.0,2.0,202.0,0.0,0.0,6.0,0.0,14.0,6.0,0.0,32.0,211.3,0.0,0.202,9.73,1.5,5.3,0.0,0.0,26.0,145.0,0.0,0.202,10.7485,0.0,0.0,2.2,10.7485,222.0,8.0,151.497,113.623,2.5,3.09,413.4215,2.2,0.0,329.326,2.562,1.3,2.536,2.282,0.0,1.0,0.0,0.0,0.0,0.0,-9711.021839999998,-98595.6096,-7.7136,7.3142376166666665,6.0
Fr,87,0.0,0.0,950.0,0.0,317.8,0.486,1.0,0.0,15.0,1.0,0.0,300.0,7,3,0.0,0.0,348.0,260.0,223,0.7,0.0,0.0,0.0,0.0,0.0,0.0,490.0,364.0,0.0,0.0,0.08731,0.0,0.0,223.0,0.0,0,258.0,218.0,1939.0,6,2.4,7.0,7.0,1.0,47.0,0.0,223.01974,0.0,1.0,0.0,0.79,0.0,0.0,0.0,0.0,7.0,1.0,1.0,0.0,1.0,0.0,0.0,2.6,47.85,47.0,0.79,15.0,0.0,1.0,0.0,4.0727,1.0,0.0,0.7,4.0727409,0.0,0.0,0.0,0.0,0.0,0.0,0.0,0.0,0.0,0.0,0.0,0.0,0.0,0.0,0.0,0.0,0.0,0.0,0.0,0.0,0.0,0.0,0.0,0.0,0.0
Ra,88,0.0,45.0,1413.0,5.5,246.0,0.1,2.0,113.0,9.6,2.0,0.0,973.0,7,4,0.12,0.0,283.0,221.0,201,0.9,0.0,159.0,0.0,0.0,215.0,0.0,367.7,327.0,9e-07,8.9e-11,0.09789,0.0,0.0,226.0,0.0,0,292.0,173.0,1898.0,10,4.0,13.0,13.0,2.0,10.0,75.05812023,226.02541,0.0,2.0,973.0,0.89,0.0,0.0,0.0,0.0,7.0,0.0,2.0,2010.0,0.0,1.66,5000.0,2.21,38.3,10.0,0.89,19.0,0.0,2.0,1.66,5.2784,0.0,2.15,0.9,5.278424,0.0,0.0,0.0,0.0,0.0,0.0,0.0,0.0,0.0,0.0,0.0,0.0,0.0,0.0,0.0,0.0,0.0,0.0,0.0,0.0,0.0,0.0,0.0,0.0,0.0
Ac,89,188.0,22.54,3470.0,0.0,203.0,0.35,2.0,292.9,10.5,3.0,5.31,1320.0,7,10,0.0,0.0,247.0,215.0,186,1.1,0.0,406.0,0.0,0.0,195.0,0.0,347.8,308.0,5.5e-10,0.0,0.10033,280.0,0.0,227.0,0.0,0,293.0,153.0,1899.0,14,12.0,48.0,33.0,3.0,34.0,37.4330863,227.02775,1.0,2.0,1323.0,1.1,0.0,0.0,9.0,0.0,7.0,9.0,3.0,3473.0,1.0,4.25,10070.0,2.15,32.1,34.0,1.1,80.0,0.0,3.0,4.25,5.17,1.0,1.95,1.1,5.380226,227.028,11.0,172.351,129.263,2.9,2.9,813.5318,2.0,2.01,543.281,2.957,1.3,2.904,2.234,0.0,1.0,0.0,0.0,0.0,0.0,-9368.758358823528,-107058.254,-2.254,-10.2791912875,8.0
Th,90,180.0,19.8,5060.0,11.78,217.0,0.0,2.0,513.7,16.11,0.0,5.08,2028.0,7,10,0.113,0.0,245.0,206.0,175,1.3,0.0,602.0,0.0,0.0,180.0,240.0,339.6,274.0,9.6,1e-06,0.10277,293.0,0.0,232.0377,0.0004,0,289.0,143.0,1828.0,16,54.0,47.0,34.0,3.0,34.0,32.86568321,232.0377,2.0,2.0,2023.0,1.3,0.0,0.0,8.0,0.0,7.0,8.0,4.0,5093.0,2.0,6.2,11724.0,2.06,32.1,34.0,1.3,16.6,180.0,4.0,6.2,1.3,2.0,1.8,1.3,6.3067,232.039,12.0,247.306,185.48,2.8,3.0,984.7553,2.2,2.211,535.431,2.862,1.3,2.926,2.25,0.0,1.0,0.0,0.0,0.0,0.0,-9106.70677222222,-109990.1879,-1.2804,-11.5018868125,8.0
Pa,91,161.0,15.0,4300.0,15.37,154.0,0.0,2.0,481.2,16.7,0.0,3.92,2113.0,7,10,0.121,0.0,243.0,200.0,169,1.5,0.0,563.0,0.0,0.0,180.0,0.0,342.4,264.0,1.4e-06,5e-11,0.12149,288.0,0.0,231.03588,2e-05,True,285.0,138.0,1917.0,18,20.0,46.0,35.0,3.0,34.0,24.96116063,231.03588,1.0,2.0,1845.0,1.5,12.0,0.0,9.0,2.0,7.0,21.0,5.0,4273.0,3.0,0.0,15370.0,2.0,25.4,34.0,1.5,94.0,161.0,5.0,0.0,5.89,3.0,1.8,1.5,5.89,231.036,13.0,252.193,189.145,2.8,2.9,1180.0855,2.2,1.808,536.979,2.858,1.3,2.921,2.247,0.0,1.0,0.0,0.0,0.0,0.0,-9373.524311111112,-112985.519,-3.1149,-14.4860498625,8.0
U,92,138.0,12.5,4018.0,19.05,129.0,0.0,2.0,417.0,12.6,0.0,2.85,1405.5,7,10,0.115,27.5,241.0,196.0,170,1.7,0.0,533.0,0.0,0.0,175.0,230.0,339.5,252.0,2.7,0.0032,0.13207,271.0,0.0,238.02891,3e-05,0,283.0,134.0,1789.0,20,17.0,45.0,36.0,3.0,34.0,20.7488474,238.02891,1.0,2.0,1408.0,1.38,11.0,0.0,9.0,3.0,7.0,20.0,6.0,4200.0,4.0,5.55,19050.0,1.96,24.9,34.0,1.38,16.8,139.0,6.0,5.55,1.38,4.0,1.75,1.38,6.19405,238.029,14.0,252.502,189.376,2.8,3.0,1405.3058,2.2,1.811,526.41,2.863,1.3,2.95,2.27,0.0,1.0,0.0,0.0,0.0,0.0,-9641.935494444442,-116038.1941,-3.1039,-8.704798025,8.0
Np,93,130.0,21.1,4175.0,20.25,151.0,0.0,2.0,336.0,9.6,0.0,4.72,913.0,7,10,0.0,0.0,239.0,190.0,171,1.3,0.0,464.8,0.0,0.0,175.0,0.0,342.4,252.0,0.0,0.0,0.14265,282.0,0.0,237.0,0.0,0,280.0,136.0,1940.0,22,20.0,44.0,37.0,3.0,34.0,19.24483901,237.04817,1.0,2.0,917.0,1.36,10.0,0.0,9.0,4.0,7.0,19.0,7.0,4273.0,5.0,4.73,20450.0,1.9,24.8,34.0,1.36,18.0,140.0,7.0,4.73,6.2657,5.0,1.75,1.36,6.2655,237.048,15.0,254.26,190.695,2.8,3.0,1660.912,2.2,1.604,464.44,2.859,1.3,2.946,2.332,0.0,1.0,0.0,0.0,0.0,0.0,-9915.701022222223,-119153.8797,-3.0682,-9.399644912500001,8.0
Pu,94,151.0,0.0,3505.0,19.84,132.0,0.0,2.0,343.5,2.8,0.0,0.0,914.0,7,10,0.0,0.0,243.0,187.0,172,1.3,0.0,345.0,0.0,0.0,175.0,0.0,342.4,252.0,0.0,0.0,0.16137,281.0,0.0,244.0,0.0,0,278.0,135.0,1940.0,24,20.0,43.0,38.0,3.0,34.0,20.44716406,244.06421,0.0,2.0,913.0,1.28,8.0,0.0,0.0,6.0,7.0,8.0,8.0,3503.0,6.0,3.6,19816.0,1.87,24.5,34.0,1.28,16.0,151.0,8.0,3.6,6.026,6.0,1.75,1.28,6.0258,244.064,16.0,254.353,190.765,2.8,3.0,1948.5677,2.2,1.607,455.496,2.864,1.3,2.975,2.451,0.0,1.0,0.0,0.0,0.0,0.0,-10195.011527777777,-122334.3541,-3.0156,-10.0628809125,8.0
Am,95,173.0,20.8,2880.0,13.67,131.0,0.0,2.0,238.5,10.0,0.0,0.0,1267.0,7,10,0.0,0.0,244.0,180.0,166,0.0,0.0,284.0,0.0,0.0,175.0,0.0,338.1,0.0,0.0,0.0,0.17194,283.0,0.0,243.0,0.0,0,276.0,135.0,1945.0,26,25.0,42.0,39.0,3.0,34.0,29.51868508,243.06138,0.0,2.0,1449.0,1.3,7.0,0.0,0.0,7.0,7.0,7.0,9.0,2284.0,7.0,2.73,13670.0,1.8,23.3,34.0,1.3,16.0,140.0,9.0,2.73,5.9738,7.0,1.75,1.3,5.9738,243.061,17.0,255.875,191.906,2.8,3.0,2269.8918,2.2,1.605,456.748,2.86,1.3,2.971,2.409,0.0,1.0,0.0,0.0,0.0,0.0,-10480.056988888888,-125581.5403,-2.9507,-10.692652837499999,8.0
Cm,96,299.0,18.28,0.0,13.51,144.0,0.0,2.0,0.0,0.0,0.0,0.0,1340.0,7,10,0.0,0.0,245.0,169.0,166,0.0,0.0,386.0,0.0,0.0,0.0,0.0,332.6,0.0,0.0,0.0,0.17439,305.0,0.0,247.0,0.0,0,276.0,136.0,1944.0,28,25.0,41.0,40.0,3.0,34.0,30.35993609,247.07035,1.0,2.0,1618.0,1.3,7.0,0.0,9.0,7.0,7.0,16.0,10.0,3383.0,8.0,3.99,13510.0,1.69,23.0,34.0,1.3,16.0,0.0,10.0,3.99,5.9914,8.0,0.0,1.3,5.9914,247.0,18.0,257.953,193.465,2.8,2.8,2626.4675,1.8,1.6,397.588,2.853,1.3,2.802,2.481,0.0,1.0,0.0,0.0,0.0,0.0,-10771.01766111111,-128897.3988,-2.8766,-18.2761466,8.0
Bk,97,297.0,0.0,0.0,13.25,125.0,0.0,2.0,0.0,0.0,0.0,0.0,0.0,7,10,0.0,0.0,244.0,0.0,168,0.0,0.0,310.0,0.0,0.0,0.0,0.0,333.9,0.0,0.0,0.0,0.19315,340.0,0.0,247.0,0.0,0,0.0,139.0,1949.0,30,25.0,40.0,41.0,3.0,34.0,27.75120004,247.07031,0.0,2.0,1323.0,1.3,5.0,0.0,0.0,9.0,7.0,5.0,11.0,0.0,5.0,0.0,14780.0,0.0,22.7,34.0,1.3,16.0,0.0,11.0,0.0,6.1979,5.0,0.0,1.3,6.1978,0.0,0.0,0.0,0.0,0.0,0.0,0.0,0.0,0.0,0.0,0.0,0.0,0.0,0.0,0.0,0.0,0.0,0.0,0.0,0.0,0.0,0.0,0.0,0.0,0.0
Cf,98,295.0,0.0,0.0,15.1,122.0,0.0,2.0,0.0,0.0,0.0,0.0,900.0,7,10,0.0,0.0,245.0,0.0,168,0.0,0.0,196.0,0.0,0.0,0.0,0.0,331.3,0.0,0.0,0.0,0.20369,305.0,0.0,251.0,0.0,0,0.0,140.0,1950.0,32,20.0,39.0,42.0,3.0,34.0,27.60298332,251.07959,0.0,2.0,1173.0,1.3,4.0,0.0,0.0,10.0,7.0,4.0,12.0,0.0,4.0,0.0,15100.0,0.0,20.5,34.0,1.3,17.0,0.0,12.0,0.0,6.2817,4.0,0.0,1.3,6.2817,247.0,20.0,414.614,310.961,2.3,2.8,3451.576,1.8,1.6,583.717,2.355,1.3,2.312,2.048,0.0,1.0,0.0,0.0,0.0,0.0,-11371.451488888888,-135743.7252,-2.7087,-19.639617174999998,8.0
Es,99,292.0,0.0,1130.0,0.0,118.0,0.0,2.0,0.0,0.0,0.0,0.0,0.0,7,10,0.0,0.0,245.0,0.0,165,0.0,0.0,133.0,0.0,0.0,0.0,0.0,329.9,0.0,0.0,0.0,0.21427,270.0,0.0,252.0,0.0,0,0.0,140.0,1952.0,34,20.0,38.0,43.0,3.0,34.0,0.0,252.083,0.0,2.0,1133.0,1.3,3.0,0.0,0.0,11.0,7.0,3.0,13.0,0.0,4.0,0.0,0.0,0.0,19.7,34.0,1.3,17.0,0.0,13.0,0.0,6.42,4.0,0.0,1.3,6.3676,0.0,0.0,0.0,0.0,0.0,0.0,0.0,0.0,0.0,0.0,0.0,0.0,0.0,0.0,0.0,0.0,0.0,0.0,0.0,0.0,0.0,0.0,0.0,0.0,0.0
Fm,100,290.0,0.0,0.0,0.0,113.0,0.0,2.0,0.0,0.0,0.0,0.0,1800.0,7,10,0.0,0.0,245.0,0.0,167,0.0,0.0,0.0,0.0,0.0,0.0,0.0,328.6,0.0,0.0,0.0,0.22485,0.0,0.0,257.0,0.0,0,0.0,0.0,1953.0,36,20.0,37.0,44.0,3.0,34.0,0.0,257.09511,0.0,2.0,1800.0,1.3,2.0,0.0,0.0,12.0,7.0,2.0,14.0,0.0,2.0,0.0,0.0,0.0,23.8,34.0,1.3,17.0,0.0,14.0,0.0,6.5,2.0,0.0,1.3,6.5,0.0,0.0,0.0,0.0,0.0,0.0,0.0,0.0,0.0,0.0,0.0,0.0,0.0,0.0,0.0,0.0,0.0,0.0,0.0,0.0,0.0,0.0,0.0,0.0,0.0
Md,101,287.0,0.0,0.0,0.0,109.0,0.0,2.0,0.0,0.0,0.0,0.0,1100.0,7,10,0.0,0.0,246.0,0.0,173,0.0,0.0,0.0,0.0,0.0,0.0,0.0,327.4,0.0,0.0,0.0,0.23542,0.0,0.0,258.0,0.0,0,0.0,139.0,1955.0,38,20.0,36.0,45.0,3.0,34.0,0.0,258.09843,0.0,2.0,1100.0,1.3,1.0,0.0,0.0,13.0,7.0,1.0,15.0,0.0,1.0,0.0,0.0,0.0,18.2,34.0,1.3,17.0,0.0,15.0,0.0,6.58,1.0,0.0,1.3,6.58,0.0,0.0,0.0,0.0,0.0,0.0,0.0,0.0,0.0,0.0,0.0,0.0,0.0,0.0,0.0,0.0,0.0,0.0,0.0,0.0,0.0,0.0,0.0,0.0,0.0
No,102,285.0,0.0,0.0,0.0,110.0,0.0,2.0,0.0,0.0,0.0,0.0,1100.0,7,10,0.0,0.0,246.0,0.0,176,0.0,0.0,0.0,0.0,0.0,0.0,0.0,324.8,0.0,0.0,0.0,0.246,0.0,0.0,259.0,0.0,0,0.0,0.0,1957.0,40,6.0,35.0,46.0,3.0,34.0,0.0,259.101,0.0,2.0,1100.0,1.3,0.0,0.0,0.0,14.0,7.0,0.0,16.0,0.0,0.0,0.0,0.0,0.0,16.4,34.0,1.3,18.0,0.0,2.0,0.0,6.65,0.0,0.0,1.3,6.65,0.0,0.0,0.0,0.0,0.0,0.0,0.0,0.0,0.0,0.0,0.0,0.0,0.0,0.0,0.0,0.0,0.0,0.0,0.0,0.0,0.0,0.0,0.0,0.0,0.0
Lr,103,282.0,0.0,0.0,0.0,320.0,0.0,3.0,0.0,0.0,0.0,0.0,0.0,7,8,0.0,0.0,246.0,0.0,161,0.0,0.0,0.0,0.0,0.0,0.0,0.0,323.6,0.0,0.0,0.0,0.24844,0.0,0.0,262.0,0.0,0,0.0,141.0,1961.0,42,20.0,34.0,47.0,3.0,0.0,0.0,0.0,0.0,2.0,1900.0,0.0,0.0,1.0,0.0,14.0,7.0,0.0,0.0,0.0,0.0,0.0,0.0,0.0,0.0,0.0,0.0,0.0,0.0,0.0,0.0,0.0,0.0,0.0,1.3,4.9,0.0,0.0,0.0,0.0,0.0,0.0,0.0,0.0,0.0,0.0,0.0,0.0,0.0,0.0,0.0,0.0,0.0,0.0,0.0,0.0,0.0,0.0,0.0,0.0,0.0
Rf,104,0.0,0.0,0.0,0.0,112.0,0.0,0.0,0.0,0.0,4.0,0.0,0.0,7,8,0.0,0.0,0.0,0.0,157,0.0,0.0,0.0,0.0,0.0,0.0,0.0,0.0,0.0,0.0,0.0,0.0,0.0,0.0,267.0,0.0,0,0.0,140.0,1969.0,46,10.0,0.0,0.0,0.0,0.0,0.0,0.0,0.0,0.0,0.0,0.0,0.0,0.0,0.0,0.0,0.0,0.0,0.0,0.0,0.0,0.0,0.0,0.0,0.0,0.0,0.0,0.0,0.0,0.0,0.0,0.0,0.0,0.0,0.0,6.01,0.0,0.0,0.0,0.0,0.0,0.0,0.0,0.0,0.0,0.0,0.0,0.0,0.0,0.0,0.0,0.0,0.0,0.0,0.0,0.0,0.0,0.0,0.0,0.0,0.0
Db,105,0.0,0.0,0.0,0.0,42.0,0.0,0.0,0.0,0.0,5.0,0.0,0.0,7,8,0.0,0.0,0.0,0.0,149,0.0,0.0,0.0,0.0,0.0,0.0,0.0,0.0,0.0,0.0,0.0,0.0,0.0,0.0,268.0,0.0,0,0.0,136.0,1970.0,50,4.0,0.0,0.0,0.0,0.0,0.0,0.0,0.0,0.0,0.0,0.0,0.0,0.0,0.0,0.0,0.0,0.0,0.0,0.0,0.0,0.0,0.0,0.0,0.0,0.0,0.0,0.0,0.0,0.0,0.0,0.0,0.0,0.0,0.0,6.8,0.0,0.0,0.0,0.0,0.0,0.0,0.0,0.0,0.0,0.0,0.0,0.0,0.0,0.0,0.0,0.0,0.0,0.0,0.0,0.0,0.0,0.0,0.0,0.0,0.0
Sg,106,0.0,0.0,0.0,0.0,40.0,0.0,0.0,0.0,0.0,6.0,0.0,0.0,7,8,0.0,0.0,0.0,0.0,143,0.0,0.0,0.0,0.0,0.0,0.0,0.0,0.0,0.0,0.0,0.0,0.0,0.0,0.0,271.0,0.0,0,0.0,128.0,1974.0,54,4.0,0.0,0.0,0.0,0.0,0.0,0.0,0.0,0.0,0.0,0.0,0.0,0.0,0.0,0.0,0.0,0.0,0.0,0.0,0.0,0.0,0.0,0.0,0.0,0.0,0.0,0.0,0.0,0.0,0.0,0.0,0.0,0.0,0.0,7.8,0.0,0.0,0.0,0.0,0.0,0.0,0.0,0.0,0.0,0.0,0.0,0.0,0.0,0.0,0.0,0.0,0.0,0.0,0.0,0.0,0.0,0.0,0.0,0.0,0.0
Bh,107,0.0,0.0,0.0,0.0,38.0,0.0,0.0,0.0,0.0,7.0,0.0,0.0,7,8,0.0,0.0,0.0,0.0,141,0.0,0.0,0.0,0.0,0.0,0.0,0.0,0.0,0.0,0.0,0.0,0.0,0.0,0.0,274.0,0.0,0,0.0,128.0,1976.0,58,4.0,0.0,0.0,0.0,0.0,0.0,0.0,0.0,0.0,0.0,0.0,0.0,0.0,0.0,0.0,0.0,0.0,0.0,0.0,0.0,0.0,0.0,0.0,0.0,0.0,0.0,0.0,0.0,0.0,0.0,0.0,0.0,0.0,0.0,7.7,0.0,0.0,0.0,0.0,0.0,0.0,0.0,0.0,0.0,0.0,0.0,0.0,0.0,0.0,0.0,0.0,0.0,0.0,0.0,0.0,0.0,0.0,0.0,0.0,0.0
Hs,108,0.0,0.0,0.0,0.0,36.0,0.0,0.0,0.0,0.0,8.0,0.0,0.0,7,8,0.0,0.0,0.0,0.0,134,0.0,0.0,0.0,0.0,0.0,0.0,0.0,0.0,0.0,0.0,0.0,0.0,0.0,0.0,269.0,0.0,0,0.0,125.0,1984.0,62,4.0,0.0,0.0,0.0,0.0,0.0,0.0,0.0,0.0,0.0,0.0,0.0,0.0,0.0,0.0,0.0,0.0,0.0,0.0,0.0,0.0,0.0,0.0,0.0,0.0,0.0,0.0,0.0,0.0,0.0,0.0,0.0,0.0,0.0,7.6,0.0,0.0,0.0,0.0,0.0,0.0,0.0,0.0,0.0,0.0,0.0,0.0,0.0,0.0,0.0,0.0,0.0,0.0,0.0,0.0,0.0,0.0,0.0,0.0,0.0
Mt,109,0.0,0.0,0.0,0.0,34.0,0.0,0.0,0.0,0.0,9.0,0.0,0.0,7,8,0.0,0.0,0.0,0.0,129,0.0,0.0,0.0,0.0,0.0,0.0,0.0,0.0,0.0,0.0,0.0,0.0,0.0,0.0,276.0,0.0,0,0.0,125.0,1982.0,66,3.0,0.0,0.0,0.0,0.0,0.0,0.0,0.0,0.0,0.0,0.0,0.0,0.0,0.0,0.0,0.0,0.0,0.0,0.0,0.0,0.0,0.0,0.0,0.0,0.0,0.0,0.0,0.0,0.0,0.0,0.0,0.0,0.0,0.0,0.0,0.0,0.0,0.0,0.0,0.0,0.0,0.0,0.0,0.0,0.0,0.0,0.0,0.0,0.0,0.0,0.0,0.0,0.0,0.0,0.0,0.0,0.0,0.0,0.0,0.0
Ds,110,0.0,0.0,0.0,0.0,32.0,0.0,0.0,0.0,0.0,10.0,0.0,0.0,7,8,0.0,0.0,0.0,0.0,128,0.0,0.0,0.0,0.0,0.0,0.0,0.0,0.0,0.0,0.0,0.0,0.0,0.0,0.0,281.0,0.0,0,0.0,116.0,1994.0,70,3.0,0.0,0.0,0.0,0.0,0.0,0.0,0.0,0.0,0.0,0.0,0.0,0.0,0.0,0.0,0.0,0.0,0.0,0.0,0.0,0.0,0.0,0.0,0.0,0.0,0.0,0.0,0.0,0.0,0.0,0.0,0.0,0.0,0.0,0.0,0.0,0.0,0.0,0.0,0.0,0.0,0.0,0.0,0.0,0.0,0.0,0.0,0.0,0.0,0.0,0.0,0.0,0.0,0.0,0.0,0.0,0.0,0.0,0.0,0.0
Rg,111,0.0,0.0,0.0,0.0,32.0,0.0,0.0,0.0,0.0,11.0,0.0,0.0,7,8,0.0,0.0,0.0,0.0,121,0.0,0.0,0.0,0.0,0.0,0.0,0.0,0.0,0.0,0.0,0.0,0.0,0.0,0.0,281.0,0.0,0,0.0,116.0,1994.0,74,6.0,0.0,0.0,0.0,0.0,0.0,0.0,0.0,0.0,0.0,0.0,0.0,0.0,0.0,0.0,0.0,0.0,0.0,0.0,0.0,0.0,0.0,0.0,0.0,0.0,0.0,0.0,0.0,0.0,0.0,0.0,0.0,0.0,0.0,0.0,0.0,0.0,0.0,0.0,0.0,0.0,0.0,0.0,0.0,0.0,0.0,0.0,0.0,0.0,0.0,0.0,0.0,0.0,0.0,0.0,0.0,0.0,0.0,0.0,0.0
Cn,112,0.0,0.0,0.0,0.0,28.0,0.0,0.0,0.0,0.0,12.0,0.0,0.0,7,8,0.0,0.0,0.0,0.0,122,0.0,0.0,0.0,0.0,0.0,0.0,0.0,0.0,0.0,0.0,0.0,0.0,0.0,0.0,285.0,0.0,0,0.0,137.0,1996.0,80,2.0,0.0,0.0,0.0,0.0,0.0,0.0,0.0,0.0,0.0,0.0,0.0,0.0,0.0,0.0,0.0,0.0,0.0,0.0,0.0,0.0,0.0,0.0,0.0,0.0,0.0,0.0,0.0,0.0,0.0,0.0,0.0,0.0,0.0,0.0,0.0,0.0,0.0,0.0,0.0,0.0,0.0,0.0,0.0,0.0,0.0,0.0,0.0,0.0,0.0,0.0,0.0,0.0,0.0,0.0,0.0,0.0,0.0,0.0,0.0
Nh,113,0.0,0.0,0.0,0.0,29.0,0.0,0.0,0.0,0.0,13.0,0.0,0.0,7,7,0.0,0.0,0.0,0.0,136,0.0,0.0,0.0,0.0,0.0,0.0,0.0,0.0,0.0,0.0,0.0,0.0,0.0,0.0,286.0,0.0,0,0.0,0.0,2015.0,86,2.0,0.0,0.0,0.0,0.0,0.0,0.0,0.0,0.0,0.0,0.0,0.0,0.0,0.0,0.0,0.0,0.0,0.0,0.0,0.0,0.0,0.0,0.0,0.0,0.0,0.0,0.0,0.0,0.0,0.0,0.0,0.0,0.0,0.0,0.0,0.0,0.0,0.0,0.0,0.0,0.0,0.0,0.0,0.0,0.0,0.0,0.0,0.0,0.0,0.0,0.0,0.0,0.0,0.0,0.0,0.0,0.0,0.0,0.0,0.0
Fl,114,0.0,0.0,0.0,0.0,31.0,0.0,0.0,0.0,0.0,14.0,0.0,0.0,7,7,0.0,0.0,0.0,0.0,143,0.0,0.0,0.0,0.0,0.0,0.0,0.0,0.0,0.0,0.0,0.0,0.0,0.0,0.0,289.0,0.0,0,0.0,0.0,1998.0,92,4.0,0.0,0.0,0.0,0.0,0.0,0.0,0.0,0.0,0.0,0.0,0.0,0.0,0.0,0.0,0.0,0.0,0.0,0.0,0.0,0.0,0.0,0.0,0.0,0.0,0.0,0.0,0.0,0.0,0.0,0.0,0.0,0.0,0.0,0.0,0.0,0.0,0.0,0.0,0.0,0.0,0.0,0.0,0.0,0.0,0.0,0.0,0.0,0.0,0.0,0.0,0.0,0.0,0.0,0.0,0.0,0.0,0.0,0.0,0.0
Mc,115,0.0,0.0,0.0,0.0,71.0,0.0,0.0,0.0,0.0,15.0,0.0,0.0,7,7,0.0,0.0,0.0,0.0,162,0.0,0.0,0.0,0.0,0.0,0.0,0.0,0.0,0.0,0.0,0.0,0.0,0.0,0.0,288.0,0.0,0,0.0,0.0,2003.0,98,20.0,0.0,0.0,0.0,0.0,0.0,0.0,0.0,0.0,0.0,0.0,0.0,0.0,0.0,0.0,0.0,0.0,0.0,0.0,0.0,0.0,0.0,0.0,0.0,0.0,0.0,0.0,0.0,0.0,0.0,0.0,0.0,0.0,0.0,0.0,0.0,0.0,0.0,0.0,0.0,0.0,0.0,0.0,0.0,0.0,0.0,0.0,0.0,0.0,0.0,0.0,0.0,0.0,0.0,0.0,0.0,0.0,0.0,0.0,0.0
Lv,116,0.0,0.0,0.0,0.0,0.0,0.0,0.0,0.0,0.0,16.0,0.0,0.0,7,7,0.0,0.0,0.0,0.0,175,0.0,0.0,0.0,0.0,0.0,0.0,0.0,0.0,0.0,0.0,0.0,0.0,0.0,0.0,293.0,0.0,0,0.0,0.0,2000.0,104,0.0,0.0,0.0,0.0,0.0,0.0,0.0,0.0,0.0,0.0,0.0,0.0,0.0,0.0,0.0,0.0,0.0,0.0,0.0,0.0,0.0,0.0,0.0,0.0,0.0,0.0,0.0,0.0,0.0,0.0,0.0,0.0,0.0,0.0,0.0,0.0,0.0,0.0,0.0,0.0,0.0,0.0,0.0,0.0,0.0,0.0,0.0,0.0,0.0,0.0,0.0,0.0,0.0,0.0,0.0,0.0,0.0,0.0,0.0,0.0
Ts,117,0.0,0.0,0.0,0.0,76.0,0.0,0.0,0.0,0.0,17.0,0.0,0.0,7,6,0.0,0.0,0.0,0.0,165,0.0,0.0,0.0,0.0,0.0,0.0,0.0,0.0,0.0,0.0,0.0,0.0,0.0,0.0,294.0,0.0,0,0.0,0.0,2010.0,111,15.0,0.0,0.0,0.0,0.0,0.0,0.0,0.0,0.0,0.0,0.0,0.0,0.0,0.0,0.0,0.0,0.0,0.0,0.0,0.0,0.0,0.0,0.0,0.0,0.0,0.0,0.0,0.0,0.0,0.0,0.0,0.0,0.0,0.0,0.0,0.0,0.0,0.0,0.0,0.0,0.0,0.0,0.0,0.0,0.0,0.0,0.0,0.0,0.0,0.0,0.0,0.0,0.0,0.0,0.0,0.0,0.0,0.0,0.0,0.0
Og,118,0.0,0.0,0.0,0.0,58.0,0.056,0.0,0.0,0.0,18.0,0.0,0.0,7,2,0.0,0.0,0.0,0.0,157,0.0,0.0,0.0,0.0,0.0,0.0,0.0,0.0,0.0,0.0,0.0,0.0,0.0,0.0,294.0,0.0,0,0.0,0.0,2002.0,118,6.0,0.0,0.0,0.0,0.0,0.0,0.0,0.0,0.0,0.0,0.0,0.0,0.0,0.0,0.0,0.0,0.0,0.0,0.0,0.0,0.0,0.0,0.0,0.0,0.0,0.0,0.0,0.0,0.0,0.0,0.0,0.0,0.0,0.0,0.0,0.0,0.0,0.0,0.0,0.0,0.0,0.0,0.0,0.0,0.0,0.0,0.0,0.0,0.0,0.0,0.0,0.0,0.0,0.0,0.0,0.0,0.0,0.0,0.0,0.0
